Workbook
Name FORWASTforbrug: #REF!

Sheet Input
B2: Nykredits Smartbudget
B3: Inputtal fra brugere | D3: Alle celler udpeget med --> er inputceller
C4: -->
B5: Voksne i husstanden:
B6: Antal mænd: | C6: --> | D6: 1
B7: Antal kvinder: | C7: --> | D7: 1
B8: Voksne i alt: | D8: =SUM(D6:D7) -> 2
B10: Gift eller ugift
B12: Indtægter pr. måned: | D12: Efter skat | E12: Før skat
B13: Person 1 | C13: --> | D13: 10000 | E13: =Skatteprocenter!Q108 -> 17685.593
B14: Person 2 | C14: --> | D14: 100000 | E14: =Skatteprocenter!Q109 -> 176855.93
B15: Person 3 | C15: --> | D15: 0 | E15: =Skatteprocenter!Q110 -> 0
B16: Person 4 | C16: --> | D16: 0 | E16: =Skatteprocenter!Q111 -> 0
B17: Person 5 | C17: --> | D17: 0 | E17: =Skatteprocenter!Q112 -> 0
B18: Person 6 | C18: --> | D18: 0 | E18: =Skatteprocenter!Q113 -> 0
B19: Løn pr. måned i alt: | D19: =SUM(D13:D18) -> 110000 | E19: =SUM(E13:E18) -> 194541.52
B21: Andre indtægter pr. måned:
B22: f.eks. udbytter mv. | C22: --> | D22: 1
B24: Børn: | D24: Skriv antal
B25: 0-2 år | C25: --> | D25: 1
B26: 3-6 år | C26: --> | D26: 0
B27: 7-14 år | C27: --> | D27: 0
B28: 15-17 år | C28: --> | D28: 0
B29: Antal børn i alt: | D29: =D25+D26+D27+D28 -> 1
B31: Bolig:
B32: Kommune | C32: -->
B33: Boligudgift pr. måned | C33: --> | D33: 0
B34: Boligtype | C34: -->
B35: Antal m2 bolig | C35: --> | D35: 0 | F35: 1 | G35: <-- Hvis antal m2 bolig mindre end dette, så bruges DS tal
B36: Varmekilde | C36: -->
B37: Ejendomsskat (grundskyld) | C37: --> | D37: 0
B39: Biler:
B40: Bil 1 - vælg | C40: --> | G40: Lille bil kører over 20 kilometer på en liter benzin
B41: Bil 2 - vælg | C41: --> | G41: Mellemstor bil kører ca. 14 kilometer på en liter benzin
B42: Bil 3 - vælg | C42: --> | G42: Stor bil kører ca.10 kilometer på en liter benzin
G43: Meget stor bil kører 6-7 kilometer på en liter benzin
B44: Benzin - forbrug pr. måned | C44: --> | D44: 0
B45: Billån pr. måned | C45: --> | D45: 0
B47: Renteudgifter til andre lån pr. måned | C47: --> | D47: 0
B49: Opsparing pr. måned | C49: --> | D49: 0

Sheet Budget
B2: Nykredits Smartbudget
B3: Outputtal til brugerne | J3: Faktorer til at beregne CO2
J4: Enlig uden børn: | K4: Enlig med børn:
B5: Familien: | J5: 7 | K5: 10
B6: Antal voksne: | D6: =Input!D8 -> 2 | J6: 2 v uden børn: | K6: 2 v med børn:
B7: Antal børn: | D7: =Input!D29 -> 1 | J7: 13 | K7: 16
B8: Antal biler: | D8: =Data!K41 -> 0
B9: Boligtype: | D9: =Dialog!B14 -> Alle boliger
B10: Kommune: | D10: =VLOOKUP(Dialog!M3,Kommunedata!B4:D101,3) -> Albertslund
B11: Budgettet
B12: Udgifter pr. måned i alt: | D12: =SUM(D13:D17) -> 24351.639 | E12: Indtægter pr. måned: | F12: =SUM(F13:F17) -> 111533 | G12: Overskud | H12: =F12-D12 -> 87181.361 | I12: kr. pr. måned | K12: ='Data-DS'!H8 -> Enlig uden børn: | L12: =IF(AND(D6=1,D7=0),1,"")
B13: Privatforbrug | D13: =E21 -> 14155.608 | E13: Indtægt i alt | F13: =Input!D13+Input!D14+Input!D15+Input!D16 -> 110000 | G13: Overskud | H13: =H12*12 -> 1046176.3 | I13: kr. pr. år | K13: ='Data-DS'!I8 -> Enlig med børn: | L13: =IF(AND(D6=1,D7>0),2,"")
B14: Bolig | D14: =E30 -> 3202.6833 | E14: Andre indtægter | F14: =Input!D22 -> 1 | G14: Opsparing | H14: =Input!D49 -> 0 | I14: kr. pr. måned | K14: ='Data-DS'!H11 -> 2 v uden børn: | L14: =IF(AND(D6>=2,D7=0),3,"")
B15: Familie | D15: =E44 -> 6624.2214 | G15: Opsparing | H15: =H14*12 -> 0 | I15: kr. pr. år | K15: ='Data-DS'!I11 -> 2 v med børn: | L15: =IF(AND(D6>=2,D7>0),4,"") -> 4
B16: Transport | D16: =E62 -> 369.1272 | G16: Overskud herefter | H16: =H12-H14 -> 87181.361 | I16: kr. pr. måned | K16: Valg | L16: =MAX(L12:L15) -> 4
B17: Renter på andre lån | D17: =Input!D47 -> 0 | E17: Børnecheck | F17: =IF(Modeller!E13<=0,0,Modeller!E13/12) -> 1532 | G17: Overskud herefter | H17: =H13-H15 -> 1046176.3 | I17: kr. pr. år
A20: ID | D20: Pr. år | E20: Pr. måned | F20: CO2 (ton) per husstand | G20: Per person | H20: Hvem? | I20: Huske | J20: Opdateret
B21: Privatforbrug | D21: =SUM(D22:D28) -> 169867.29 | E21: =D21/12 -> 14155.608
A22: 1 | B22: Dagligvarer og husholdning | D22: ='Data-DS'!E14 -> 73716.985 | E22: =D22/12 -> 6143.082 | H22: Hans | J22: 2020 | K22: Danmarks Statistik
A23: 2 | B23: Tøj og sko | D23: ='Data-DS'!E25 -> 21331.811 | E23: =D23/12 -> 1777.6509 | H23: Hans | J23: 2020 | K23: Danmarks Statistik
A24: 3 | B24: Boligudstyr og indretning | D24: ='Data-DS'!E36 -> 19307.109 | E24: =D24/12 -> 1608.9258 | H24: Hans | J24: 2020 | K24: Danmarks Statistik
A25: 4 | B25: Medicin og øvrige lægeudgifter | D25: ='Data-DS'!E47 -> 4991.1343 | E25: =D25/12 -> 415.92786 | H25: Hans | J25: 2020 | K25: Danmarks Statistik
A26: 5 | B26: Tandlæge | D26: ='Data-DS'!E58 -> 2821.4548 | E26: =D26/12 -> 235.12123 | H26: Hans | J26: 2020 | K26: Danmarks Statistik
A27: 6 | B27: Gaver | D27: ='Data-DS'!E69 -> 4900 | E27: =D27/12 -> 408.33333 | H27: Hans | J27: 2020 | K27: Egne tal
A28: 7 | B28: Ferie, fritid og underholdning | D28: ='Data-DS'!E80 -> 42798.796 | E28: =D28/12 -> 3566.5663 | H28: Hans | J28: 2020 | K28: Danmarks Statistik
B30: Bolig | D30: =SUM(D31:D42) -> 38432.2 | E30: =SUM(E31:E42) -> 3202.6833
A31: 8 | B31: Boligudgift | D31: =Input!D33*12 -> 0 | E31: =D31/12 -> 0 | H31: Bruger | K31: Bruger
A32: 9 | B32: Husforsikring | D32: =Dialog!S8 -> 5764 | E32: =D32/12 -> 480.33333 | H32: Nykredit | J32: 2020 | K32: Nykredit Forsikring - efter kommune
A33: 10 | B33: Indboforsikring | D33: =Dialog!R8 -> 3434 | E33: =D33/12 -> 286.16667 | H33: Nykredit | J33: 2020 | K33: Nykredit Forsikring - efter kommune
A34: 11 | B34: Vedligeholdelse | D34: =IF(Input!D35>=Input!F35,Modeller!E195,'Data-DS'!C185) -> 4611.1 | E34: =D34/12 -> 384.25833 | H34: Hans | K34: Model
A35: 12 | B35: Ejendomsskat | D35: =Input!D37 -> 0 | E35: =D35/12 -> 0 | H35: BBR | K35: BBR efter adresse
A36: 13 | B36: Grundejerforening | C36: --> | D36: 0 | E36: =D36/12 -> 0 | H36: Bruger | K36: Bruger
A37: 14 | B37: Fællesudgifter | C37: --> | D37: 0 | E37: =D37/12 -> 0 | H37: Bruger | K37: Bruger
A38: 15 | B38: Fritidshus udgifter | C38: --> | D38: 0 | E38: =D38/12 -> 0 | H38: Bruger | K38: Bruger
A39: 16 | B39: Varme | D39: =IF((Input!D8+Input!D29)=0,0,IF(Input!D35>=Input!F35,Modeller!E38,'Data-DS'!C186)) -> 12715 | E39: =D39/12 -> 1059.5833 | H39: Hans | K39: Beregnet ud fra boligtype, m2 og varmekilde. Se under modeller
A40: 17 | B40: Brænde | C40: --> | D40: 0 | E40: =D40/12 -> 0 | H40: Bruger | K40: Bruger
A41: 18 | B41: El/gas | D41: =IF((Input!D8+Input!D29)=0,0,IF(Input!D35>=Input!F35,Modeller!E95,'Data-DS'!C187)) -> 7365.3 | E41: =D41/12 -> 613.775 | H41: Hans | K41: Beregnet ud fra m2 og antal personer. Se under modeller.
A42: 19 | B42: Vand | D42: =IF((Input!D8+Input!D29)=0,0,IF(Input!D35>=Input!F35,Modeller!E115,'Data-DS'!C188)) -> 4542.8 | E42: =D42/12 -> 378.56667 | H42: Hans | K42: Beregnet ud fra antal m2 og antal personer. Se under modeller
B44: Familie | D44: =SUM(D45:D60) -> 79490.656 | E44: =SUM(E45:E60) -> 6624.2214
A45: 20 | B45: Skole | C45: --> | D45: 0 | E45: =D45/12 -> 0 | H45: Bruger | K45: Bruger - f.eks. privatskole
A46: 21 | B46: Vuggestue/Dagpleje | D46: =Dialog!T8*12 -> 41868 | E46: =D46/12 -> 3489 | H46: Hans | J46: 2020 | K46: Kommunedata | L46: Udgiften i den valgte kommune gange antal børn i aldersgruppen under hensyn til søskenderabat på 50 procent.
A47: 22 | B47: Børnehave | D47: =Dialog!U8*12 -> 0 | E47: =D47/12 -> 0 | H47: Hans | J47: 2020 | K47: Kommunedata | L47: Udgiften i den valgte kommune gange antal børn i aldersgruppen under hensyn til søskenderabat på 50 procent.
A48: 23 | B48: SFO | D48: =Dialog!V8*12 -> 0 | E48: =D48/12 -> 0 | H48: Hans | J48: 2020 | K48: Kommunedata | L48: Udgiften i den valgte kommune gange antal børn i aldersgruppen under hensyn til søskenderabat på 50 procent.
A49: 24 | B49: Ulykkesforsikring | C49: --> | D49: 0 | E49: =D49/12 -> 0 | H49: Nykredit | K49: Bruger
A50: 25 | B50: Rejseforsikring | C50: --> | D50: 0 | E50: =D50/12 -> 0 | H50: Bruger | K50: Bruger
A51: 26 | B51: Privat alarm | C51: --> | D51: 0 | E51: =D51/12 -> 0 | H51: Bruger | K51: Bruger
A52: 27 | B52: Sygesikring Danmark | D52: =Data!E14*Input!D8 -> 3040 | E52: =D52/12 -> 253.33333 | H52: Hans | J52: 2020 | K52: Sygesikringen Danmark, Gruppe 5
A53: 28 | B53: A-kasse | D53: =Data!E18*Input!D8 -> 11829 | E53: =D53/12 -> 985.75 | H53: Hans | J53: 2020 | K53: 8 A-kasser
A54: 29 | B54: Fagforening | D54: =Data!E19*Input!D8 -> 7250.5 | E54: =D54/12 -> 604.20833 | H54: Hans | J54: 2020 | K54: 8 fagforeninger
A55: 30 | B55: Kontingenter | D55: ='Data-DS'!E168 -> 2500 | E55: =D55/12 -> 208.33333 | H55: Hans | J55: 2020 | K55: Danmarks Statistik
A56: 31 | B56: Aviser, bøger og blade | D56: ='Data-DS'!E102 -> 2070.2849 | E56: =D56/12 -> 172.52374 | H56: Hans | J56: 2020 | K56: Danmarks Statistik
A57: 32 | B57: TV licens | D57: =IF(Input!D8=0,0,Data!E17) -> 1353 | E57: =D57/12 -> 112.75 | H57: Hans | J57: 2020 | K57: DR licensen
A58: 33 | B58: Internet | D58: =IF(Input!D8=0,0,'Data-DS'!E124) -> 4083.3333 | E58: =D58/12 -> 340.27778 | H58: Bruger | K58: Bruger
A59: 34 | B59: Telefoni | D59: ='Data-DS'!E113 -> 5496.538 | E59: =D59/12 -> 458.04484 | H59: Hans | J59: 2020 | K59: Danmarks Statistik
A60: 35 | B60: Kæledyr | C60: --> | D60: 0 | E60: =D60/12 -> 0 | H60: Bruger | K60: Bruger | L60: Beregning kan dog laves.
B62: Transport | D62: =SUM(D63:D72) -> 4429.5264 | E62: =SUM(E63:E72) -> 369.1272
A63: 36 | B63: Bil forsikring (i alt for de valgte biler) | D63: =Data!J47 -> 0 | E63: =D63/12 -> 0 | H63: Nykredit | K63: Nykredit Forsikring efter antal skadesfri år
A64: 37 | B64: Ejerafgift/Grøn afgift (i alt for de valgte biler) | D64: =IF(Input!D8=0,0,Data!J39) -> 0 | E64: =D64/12 -> 0 | H64: Hans | J64: 2020 | K64: Model - beløb afhænger af hvor mange kilometer bilen kører pr. liter. Delt op på lille, mellem, stor og meget stor bil. | L64: Beregnet efter antal biler og deres størrelse
A65: 38 | B65: Falck (Bil Basis) | D65: =IF(OR(Input!D8=0,Data!K41=0),0,Data!E15) -> 0 | E65: =D65/12 -> 0 | H65: Hans | J65: 2020 | K65: Falck (Bil Basis)
A66: 39 | B66: FDM | D66: =IF(OR(Input!D8=0,Data!K41=0),0,Data!E16) -> 0 | E66: =D66/12 -> 0 | H66: Hans | J66: 2020 | K66: Årsabonnement hos FDM
A67: 40 | B67: Benzin | D67: =IF(Input!D8=0,0,Input!D44*12) -> 0 | E67: =D67/12 -> 0 | H67: Bruger | K67: Bruger
A68: 41 | B68: Billån | D68: =IF(Input!D8=0,0,Input!D45*12) -> 0 | E68: =D68/12 -> 0 | H68: Bruger | K68: Bruger
A69: 42 | B69: Motorcykel | C69: --> | D69: 0 | E69: =D69/12 -> 0 | H69: Bruger | K69: Bruger
A70: 43 | B70: Båd | C70: --> | D70: 0 | E70: =D70/12 -> 0 | H70: Bruger | K70: Bruger
A71: 44 | B71: Værksted | D71: =IF(Data!K41>=1,'Data-DS'!E157,0) -> 0 | E71: =D71/12 -> 0 | H71: Hans | K71: Egne tal / Bruger
A72: 45 | B72: Offentlig transport/taxi | D72: ='Data-DS'!E146 -> 4429.5264 | E72: =D72/12 -> 369.1272 | H72: Hans | J72: 2020 | K72: Danmarks Statistik + model (halvering hvis bil)
D74: Husstanden udleder i alt:
D75: CO2 per person i husstanden:

Sheet Data-DS
A1: Voksenækvivalenterne | B1: OECD | C1: I model | D1: Hvis(valg… | J1: Familierne antallet af forbrugsenheder: | AI1: Personer | AJ1: Forbrugsenheder
A2: Første person > 14 år | B2: 1 | C2: 1 | D2: Forbrug for | G2: Fra Danmarks Statistik | J2: Enlig uden børn: | K2: 1 | L2: Enlig med børn: | M2: 1.5 | AJ2: (voksenækvivalenter) | AL2: Voksenækvivalenterne | AM2: OECD | AN2: I model
A3: Efterfølgende > 14 år | B3: 0.5 | C3: 0.5 | D3: 1. En forsørger | E3: Valg af antal | F3: Valg af | G3: Alle | H3: Under 60 | I3: Under 60 | J3: 2 v uden børn: | K3: 1.5 | L3: 2 v med børn: | M3: 2.1 | AH3: Antal voksne i familien | AI3: =Input!D8 -> 2 | AL3: Første person > 14 år | AM3: 1 | AN3: 1
A4: Børn 0-14 år | B4: 0.3 | C4: 0.3 | D4: 2. Flere forsørgere | E4: forsørgere: | F4: antal børn: | G4: husstande | H4: Ingen børn | I4: med børn | L4: Alle husstande | M4: 1.5 | AH4: Børn 0-2 år --> | AI4: =Input!D25 -> 1 | AL4: Efterfølgende > 14 år | AM4: 0.5 | AN4: 0.5
A5: Efter to børn | C5: 0.2 | D5: Valgt antal voksne / antal børn | E5: =Input!D8 -> 2 | F5: =Input!D29 -> 1 | K5: Valgte antal forbrugsenheder | M5: =AJ11 -> 1.8 | AH5: Børn 3-6 år --> | AI5: =Input!D26 -> 0 | AL5: Børn 0-14 år | AM5: 0.3 | AN5: 0.3
AF6: Copy | AH6: Børn 7-14 år --> | AI6: =Input!D27 -> 0 | AL6: Efter to børn | AN6: 0.2
A7: Privatforbrug | C7: Tjek | H7: Tal der styrer: | I7: Juster efter disse: | J7: Forbrugsenheder pr. barn: | L7: Antal børn --> | M7: 0 | N7: =M7+1 -> 1 | O7: =N7+1 -> 2 | P7: =O7+1 -> 3 | Q7: =P7+1 -> 4 | R7: =Q7+1 -> 5 | S7: =R7+1 -> 6 | T7: =S7+1 -> 7 | U7: =T7+1 -> 8 | V7: Forbrugsenhed: | W7: Vækst år til år --> | X7: 0-1 | Y7: 1-2 | Z7: 2-3 | AA7: 3-4 | AB7: 4-5 | AC7: 5-6 | AD7: 6-7 | AE7: 7-8 | AF7: =ROUND(H10,0) -> 29246 | AH7: Børn 15-17 år --> | AI7: =Input!D28 -> 0
A8: Dagligvarer og husholdning | C8: 2018 ok | H8: Enlig uden børn: | I8: Enlig med børn: | J8: Enlig uden børn: | K8: Enlig med børn: | L8: % op --> | M8: 0 | N8: =X8 -> 36.7 | O8: =Y8 -> 23.3 | P8: =Z8 -> 17 | Q8: =AA8 -> 10.2 | R8: =AB8 -> 8.3 | S8: =AC8 -> 6.9 | T8: =AD8 -> 5.8 | U8: =AE8 -> 4.9 | V8: =K8 -> Enlig med børn: | W8: % op --> | X8: =ROUND(X10*100/M10,1) -> 36.7 | Y8: =ROUND(Y10*100/N10,1) -> 23.3 | Z8: =ROUND(Z10*100/O10,1) -> 17 | AA8: =ROUND(AA10*100/P10,1) -> 10.2 | AB8: =ROUND(AB10*100/Q10,1) -> 8.3 | AC8: =ROUND(AC10*100/R10,1) -> 6.9 | AD8: =ROUND(AD10*100/S10,1) -> 5.8 | AE8: =ROUND(AE10*100/T10,1) -> 4.9 | AF8: =M8&"; "&N8&"; "&O8&"; "&P8&"; "&Q8&"; "&R8&"; "&S8&"; "&T8&"; "&U8 -> 0; 36,7; 23,3; 17; 10,2; 8,3; 6,9; 5,8; 4,9 | AH8: Voksne i alt >14 år | AI8: =AI3+AI7 -> 2 | AJ8: =SUM(AM8:AO8) -> 1.5 | AL8: Beregning af FE-voksne: | AM8: =IF(AI8<1,0,1) -> 1 | AN8: =IF(AM8>=1,(AI8-1)*AN4,0) -> 0.5
A9: Forbrugsenheder | B9: --> | G9: =A9 -> Forbrugsenheder | H9: 0.80712006 | I9: 1.3602925
C10: Én | D10: 1. Dagligvarer og husholdning | E10: =IF(Data!$E$4=1,F10,IF(Data!$E$4=2,0,0)) -> 0 | F10: =IF(Data!$E$5=0,M10,IF(Data!$E$5=1,N10,IF(Data!$E$5=2,O10,IF(Data!$E$5=3,P10,IF(Data!$E$5=4,Q10,IF(Data!$E$5=5,R10,IF(Data!$E$5=6,S10,IF(Data!$E$5=7,T10,U10)))))))) -> 39978.908 | H10: =G15*H9 -> 29245.726 | I10: =G15*I9 -> 49289.744 | J10: =H10*$C$4/$K$2 -> 8773.7179 | K10: =I10*$C$4/$M$2 -> 9857.9487 | L10: kr. pr. år --> | M10: =H10 -> 29245.726 | N10: =M10+M10*N8% -> 39978.908 | O10: =N10+N10*O8% -> 49293.993 | P10: =O10+O10*P8% -> 57673.972 | Q10: =P10+P10*Q8% -> 63556.717 | R10: =Q10+Q10*R8% -> 68831.925 | S10: =R10+R10*S8% -> 73581.328 | T10: =S10+S10*T8% -> 77849.045 | U10: =T10+T10*U8% -> 81663.648 | V10: =K10 -> 9857.9487 | W10: Kroner op --> | X10: =700+(I10-H10)/2 -> 10722.009 | Y10: =I10-(H10+X10) -> 9322.0086 | Z10: =Y10*90% -> 8389.8078 | AA10: =Z10*70% -> 5872.8654 | AB10: =AA10*90% -> 5285.5789 | AC10: =AB10*90% -> 4757.021 | AD10: =AC10*90% -> 4281.3189 | AE10: =AD10*90% -> 3853.187 | AF10: =ROUND(H13,0) -> 55426 | AH10: Børn i alt <14 år | AI10: =SUM(AI4:AI6) -> 1 | AJ10: =SUM(AM10:AO10) -> 0.3 | AL10: Beregning af FE-børn: | AM10: =IF(AI10<1,0,AN5) -> 0.3 | AN10: =IF(AI10>1,AN5,0) -> 0 | AO10: =IF(AI10>2,(AI10-2)*AN6,0) -> 0
B11: =(H13/1.5)*0.5 -> 18475.435 | H11: 2 v uden børn: | I11: 2 v med børn: | J11: 2 v uden børn: | K11: 2 v med børn: | L11: % op --> | M11: 0 | N11: =X11 -> 33 | O11: =Y11 -> 22.9 | P11: =Z11 -> 16.8 | Q11: =AA11 -> 10 | R11: =AB11 -> 8.2 | S11: =AC11 -> 6.8 | T11: =AD11 -> 5.8 | U11: =AE11 -> 4.9 | V11: =K11 -> 2 v med børn: | W11: % op --> | X11: =ROUND(X13*100/M13,1) -> 33 | Y11: =ROUND(Y13*100/N13,1) -> 22.9 | Z11: =ROUND(Z13*100/O13,1) -> 16.8 | AA11: =ROUND(AA13*100/P13,1) -> 10 | AB11: =ROUND(AB13*100/Q13,1) -> 8.2 | AC11: =ROUND(AC13*100/R13,1) -> 6.8 | AD11: =ROUND(AD13*100/S13,1) -> 5.8 | AE11: =ROUND(AE13*100/T13,1) -> 4.9 | AF11: =M11&"; "&N11&"; "&O11&"; "&P11&"; "&Q11&"; "&R11&"; "&S11&"; "&T11&"; "&U11 -> 0; 33; 22,9; 16,8; 10; 8,2; 6,8; 5,8; 4,9 | AH11: Forbrugsenheder i alt | AJ11: =SUM(AJ8:AJ10) -> 1.8
A12: =A9 -> Forbrugsenheder | B12: --> | G12: =A12 -> Forbrugsenheder | H12: 1.5296485 | I12: 2.5
A13: Flere end 2 voksne så pr. stk. | B13: =H13*0.5/1.5 -> 18475.435 | C13: To | D13: 2. Dagligvarer og husholdning | E13: =IF(Data!$E$4=1,0,IF(Data!$E$4=2,F13,F13+B13*Data!G4)) -> 73716.985 | F13: =IF(Data!$E$5=0,M13,IF(Data!$E$5=1,N13,IF(Data!$E$5=2,O13,IF(Data!$E$5=3,P13,IF(Data!$E$5=4,Q13,IF(Data!$E$5=5,R13,IF(Data!$E$5=6,S13,IF(Data!$E$5=7,T13,U13)))))))) -> 73716.985 | H13: =G15*H12 -> 55426.304 | I13: =G15*I12 -> 90586.667 | J13: =H13*$C$4/$K$3 -> 11085.261 | K13: =I13*$C$4/$M$3 -> 12940.952 | L13: kr. pr. år --> | M13: =H13 -> 55426.304 | N13: =M13+M13*N11% -> 73716.985 | O13: =N13+N13*O11% -> 90598.174 | P13: =O13+O13*P11% -> 105818.67 | Q13: =P13+P13*Q11% -> 116400.53 | R13: =Q13+Q13*R11% -> 125945.38 | S13: =R13+R13*S11% -> 134509.66 | T13: =S13+S13*T11% -> 142311.22 | U13: =T13+T13*U11% -> 149284.47 | V13: =K13 -> 12940.952 | W13: Kroner op --> | X13: =700+(I13-H13)/2 -> 18280.181 | Y13: =I13-(H13+X13) -> 16880.181 | Z13: =Y13*90% -> 15192.163 | AA13: =Z13*70% -> 10634.514 | AB13: =AA13*90% -> 9571.0628 | AC13: =AB13*90% -> 8613.9565 | AD13: =AC13*90% -> 7752.5608 | AE13: =AD13*90% -> 6977.3048 | AF13: =ROUND(B13,0) -> 18475
D14: Valg 1, 2 eller flere | E14: =IF(Data!$E$4=0,0,IF(Data!$E$4=1,E10,IF(Data!$E$4=2,E13,E13))) -> 73716.985 | G14: ='DS-tal-valgte'!D13 -> 54352 | H14: Forbrugsenheder aktuelt: | I14: I alt efter forbrugsenheder:
D15: Kroner pr. forbrugsenhed | E15: =E14/$AJ$11 -> 40953.88 | G15: =G14/$M$4 -> 36234.667 | H15: =$AJ$11 -> 1.8 | I15: =H15*G15 -> 65222.4
D16: Test: Endeligt forbrug pr. måned: | E16: =E14/12 -> 6143.082
H18: Tal der styrer: | I18: Juster efter disse: | J18: Forbrugsenheder pr. barn: | L18: Antal børn --> | M18: 0 | N18: =M18+1 -> 1 | O18: =N18+1 -> 2 | P18: =O18+1 -> 3 | Q18: =P18+1 -> 4 | R18: =Q18+1 -> 5 | S18: =R18+1 -> 6 | T18: =S18+1 -> 7 | U18: =T18+1 -> 8 | V18: Forbrugsenhed: | W18: Vækst år til år --> | X18: 0-1 | Y18: 1-2 | Z18: 2-3 | AA18: 3-4 | AB18: 4-5 | AC18: 5-6 | AD18: 6-7 | AE18: 7-8 | AF18: =ROUND(H21,0) -> 8004
A19: Tøj/sko | C19: =$C$8 -> 2018 ok | H19: Enlig uden børn: | I19: Enlig med børn: | J19: Enlig uden børn: | K19: Enlig med børn: | L19: % op --> | M19: 0 | N19: =X19 -> 28.7 | O19: =Y19 -> 8.7 | P19: =Z19 -> 7.2 | Q19: =AA19 -> 4.7 | R19: =AB19 -> 4 | S19: =AC19 -> 3.5 | T19: =AD19 -> 3 | U19: =AE19 -> 2.7 | V19: =K19 -> Enlig med børn: | W19: % op --> | X19: =ROUND(X21*100/M21,1) -> 28.7 | Y19: =ROUND(Y21*100/N21,1) -> 8.7 | Z19: =ROUND(Z21*100/O21,1) -> 7.2 | AA19: =ROUND(AA21*100/P21,1) -> 4.7 | AB19: =ROUND(AB21*100/Q21,1) -> 4 | AC19: =ROUND(AC21*100/R21,1) -> 3.5 | AD19: =ROUND(AD21*100/S21,1) -> 3 | AE19: =ROUND(AE21*100/T21,1) -> 2.7 | AF19: =M19&"; "&N19&"; "&O19&"; "&P19&"; "&Q19&"; "&R19&"; "&S19&"; "&T19&"; "&U19 -> 0; 28,7; 8,7; 7,2; 4,7; 4; 3,5; 3; 2,7
A20: =$A$9 -> Forbrugsenheder | G20: =A20 -> Forbrugsenheder | H20: 0.85508123 | I20: 1.1955281
C21: Én | D21: 1. Tøj/sko | E21: =IF(Data!$E$4=1,F21,IF(Data!$E$4=2,0,0)) -> 0 | F21: =IF(Data!$E$5=0,M21,IF(Data!$E$5=1,N21,IF(Data!$E$5=2,O21,IF(Data!$E$5=3,P21,IF(Data!$E$5=4,Q21,IF(Data!$E$5=5,R21,IF(Data!$E$5=6,S21,IF(Data!$E$5=7,T21,U21)))))))) -> 10300.582 | H21: =G26*H20 -> 8003.5603 | I21: =G26*I20 -> 11190.143 | J21: =H21*$C$4/$K$2 -> 2401.0681 | K21: =I21*$C$4/$M$2 -> 2238.0286 | L21: kr. pr. år --> | M21: =H21 -> 8003.5603 | N21: =M21+M21*N19% -> 10300.582 | O21: =N21+N21*O19% -> 11196.733 | P21: =O21+O21*P19% -> 12002.898 | Q21: =P21+P21*Q19% -> 12567.034 | R21: =Q21+Q21*R19% -> 13069.715 | S21: =R21+R21*S19% -> 13527.155 | T21: =S21+S21*T19% -> 13932.97 | U21: =T21+T21*U19% -> 14309.16 | V21: =K21 -> 2238.0286 | W21: Kroner op --> | X21: =700+(I21-H21)/2 -> 2293.2914 | Y21: =I21-(H21+X21) -> 893.29141 | Z21: =Y21*90% -> 803.96227 | AA21: =Z21*70% -> 562.77359 | AB21: =AA21*90% -> 506.49623 | AC21: =AB21*90% -> 455.84661 | AD21: =AC21*90% -> 410.26194 | AE21: =AD21*90% -> 369.23575 | AF21: =ROUND(H24,0) -> 19393
H22: 2 v uden børn: | I22: 2 v med børn: | J22: 2 v uden børn: | K22: 2 v med børn: | L22: % op --> | M22: 0 | N22: =X22 -> 10 | O22: =Y22 -> 2.5 | P22: =Z22 -> 2.2 | Q22: =AA22 -> 1.5 | R22: =AB22 -> 1.4 | S22: =AC22 -> 1.2 | T22: =AD22 -> 1.1 | U22: =AE22 -> 1 | V22: =K22 -> 2 v med børn: | W22: % op --> | X22: =ROUND(X24*100/M24,1) -> 10 | Y22: =ROUND(Y24*100/N24,1) -> 2.5 | Z22: =ROUND(Z24*100/O24,1) -> 2.2 | AA22: =ROUND(AA24*100/P24,1) -> 1.5 | AB22: =ROUND(AB24*100/Q24,1) -> 1.4 | AC22: =ROUND(AC24*100/R24,1) -> 1.2 | AD22: =ROUND(AD24*100/S24,1) -> 1.1 | AE22: =ROUND(AE24*100/T24,1) -> 1 | AF22: =M22&"; "&N22&"; "&O22&"; "&P22&"; "&Q22&"; "&R22&"; "&S22&"; "&T22&"; "&U22 -> 0; 10; 2,5; 2,2; 1,5; 1,4; 1,2; 1,1; 1
A23: =$A$9 -> Forbrugsenheder | G23: =A23 -> Forbrugsenheder | H23: 2.0718542 | I23: 2.3372833
A24: Flere end 2 voksne så pr. stk. | B24: =(H24/1.5)*0.5 -> 6464.1852 | C24: To | D24: 2. Tøj/sko | E24: =IF(Data!$E$4=1,0,IF(Data!$E$4=2,F24,F24+B24*Data!G4)) -> 21331.811 | F24: =IF(Data!$E$5=0,M24,IF(Data!$E$5=1,N24,IF(Data!$E$5=2,O24,IF(Data!$E$5=3,P24,IF(Data!$E$5=4,Q24,IF(Data!$E$5=5,R24,IF(Data!$E$5=6,S24,IF(Data!$E$5=7,T24,U24)))))))) -> 21331.811 | H24: =G26*H23 -> 19392.556 | I24: =G26*I23 -> 21876.972 | J24: =H24*$C$4/$K$3 -> 3878.5111 | K24: =I24*$C$4/$M$3 -> 3125.2817 | L24: kr. pr. år --> | M24: =H24 -> 19392.556 | N24: =M24+M24*N22% -> 21331.811 | O24: =N24+N24*O22% -> 21865.107 | P24: =O24+O24*P22% -> 22346.139 | Q24: =P24+P24*Q22% -> 22681.331 | R24: =Q24+Q24*R22% -> 22998.87 | S24: =R24+R24*S22% -> 23274.856 | T24: =S24+S24*T22% -> 23530.88 | U24: =T24+T24*U22% -> 23766.188 | V24: =K24 -> 3125.2817 | W24: Kroner op --> | X24: =700+(I24-H24)/2 -> 1942.2081 | Y24: =I24-(H24+X24) -> 542.20806 | Z24: =Y24*90% -> 487.98725 | AA24: =Z24*70% -> 341.59108 | AB24: =AA24*90% -> 307.43197 | AC24: =AB24*90% -> 276.68877 | AD24: =AC24*90% -> 249.0199 | AE24: =AD24*90% -> 224.11791 | AF24: =ROUND(B24,0) -> 6464
D25: Valg 1, 2 eller flere | E25: =IF(Data!$E$4=0,0,IF(Data!$E$4=1,E21,IF(Data!$E$4=2,E24,E24))) -> 21331.811 | G25: ='DS-tal-valgte'!D22 -> 14040 | H25: =$H$14 -> Forbrugsenheder aktuelt: | I25: =$I$14 -> I alt efter forbrugsenheder:
D26: Kroner pr. forbrugsenhed | E26: =E25/$AJ$11 -> 11851.006 | G26: =G25/$M$4 -> 9360 | H26: =$AJ$11 -> 1.8 | I26: =H26*G26 -> 16848
D27: Test: Endeligt forbrug pr. måned: | E27: =E25/12 -> 1777.6509
H29: Tal der styrer: | I29: Juster efter disse: | J29: Forbrugsenheder pr. barn: | L29: Antal børn --> | M29: 0 | N29: =M29+1 -> 1 | O29: =N29+1 -> 2 | P29: =O29+1 -> 3 | Q29: =P29+1 -> 4 | R29: =Q29+1 -> 5 | S29: =R29+1 -> 6 | T29: =S29+1 -> 7 | U29: =T29+1 -> 8 | V29: Forbrugsenhed: | W29: Vækst år til år --> | X29: 0-1 | Y29: 1-2 | Z29: 2-3 | AA29: 3-4 | AB29: 4-5 | AC29: 5-6 | AD29: 6-7 | AE29: 7-8 | AF29: =ROUND(H32,0) -> 7614
A30: Boligudstyr og indretning | C30: =$C$8 -> 2018 ok | G30: Alle | H30: Enlig uden børn: | I30: Enlig med børn: | J30: Enlig uden børn: | K30: Enlig med børn: | L30: % op --> | M30: 0 | N30: =X30 -> 16.1 | O30: =Y30 -> 2.5 | P30: =Z30 -> 2.2 | Q30: =AA30 -> 1.5 | R30: =AB30 -> 1.4 | S30: =AC30 -> 1.2 | T30: =AD30 -> 1.1 | U30: =AE30 -> 1 | V30: =K30 -> Enlig med børn: | W30: % op --> | X30: =ROUND(X32*100/M32,1) -> 16.1 | Y30: =ROUND(Y32*100/N32,1) -> 2.5 | Z30: =ROUND(Z32*100/O32,1) -> 2.2 | AA30: =ROUND(AA32*100/P32,1) -> 1.5 | AB30: =ROUND(AB32*100/Q32,1) -> 1.4 | AC30: =ROUND(AC32*100/R32,1) -> 1.2 | AD30: =ROUND(AD32*100/S32,1) -> 1.1 | AE30: =ROUND(AE32*100/T32,1) -> 1 | AF30: =M30&"; "&N30&"; "&O30&"; "&P30&"; "&Q30&"; "&R30&"; "&S30&"; "&T30&"; "&U30 -> 0; 16,1; 2,5; 2,2; 1,5; 1,4; 1,2; 1,1; 1
A31: =$A$9 -> Forbrugsenheder | G31: =A31 -> Forbrugsenheder | H31: 0.88130345 | I31: 1.0490098
C32: Én | D32: 1. Boligudstyr og indretning | E32: =IF(Data!$E$4=1,F32,IF(Data!$E$4=2,0,0)) -> 0 | F32: =IF(Data!$E$5=0,M32,IF(Data!$E$5=1,N32,IF(Data!$E$5=2,O32,IF(Data!$E$5=3,P32,IF(Data!$E$5=4,Q32,IF(Data!$E$5=5,R32,IF(Data!$E$5=6,S32,IF(Data!$E$5=7,T32,U32)))))))) -> 8840.3902 | H32: =G37*H31 -> 7614.4618 | I32: =G37*I31 -> 9063.4449 | J32: =H32*$C$4/$K$2 -> 2284.3385 | K32: =I32*$C$4/$M$2 -> 1812.689 | L32: kr. pr. år --> | M32: =H32 -> 7614.4618 | N32: =M32+M32*N30% -> 8840.3902 | O32: =N32+N32*O30% -> 9061.3999 | P32: =O32+O32*P30% -> 9260.7507 | Q32: =P32+P32*Q30% -> 9399.662 | R32: =Q32+Q32*R30% -> 9531.2572 | S32: =R32+R32*S30% -> 9645.6323 | T32: =S32+S32*T30% -> 9751.7343 | U32: =T32+T32*U30% -> 9849.2516 | V32: =K32 -> 1812.689 | W32: Kroner op --> | X32: =500+(I32-H32)/2 -> 1224.4915 | Y32: =I32-(H32+X32) -> 224.49153 | Z32: =Y32*90% -> 202.04237 | AA32: =Z32*70% -> 141.42966 | AB32: =AA32*90% -> 127.2867 | AC32: =AB32*90% -> 114.55803 | AD32: =AC32*90% -> 103.10222 | AE32: =AD32*90% -> 92.792001 | AF32: =ROUND(H35,0) -> 16687
H33: 2 v uden børn: | I33: 2 v med børn: | J33: 2 v uden børn: | K33: 2 v med børn: | L33: % op --> | M33: 0 | N33: =X33 -> 15.7 | O33: =Y33 -> 8.4 | P33: =Z33 -> 0.8 | Q33: =AA33 -> 0.5 | R33: =AB33 -> 0.5 | S33: =AC33 -> 0.4 | T33: =AD33 -> 0.4 | U33: =AE33 -> 0.3 | V33: =K33 -> 2 v med børn: | W33: % op --> | X33: =ROUND(X35*100/M35,1) -> 15.7 | Y33: =ROUND(Y35*100/N35,1) -> 8.4 | Z33: =ROUND(Z35*100/O35,1) -> 0.8 | AA33: =ROUND(AA35*100/P35,1) -> 0.5 | AB33: =ROUND(AB35*100/Q35,1) -> 0.5 | AC33: =ROUND(AC35*100/R35,1) -> 0.4 | AD33: =ROUND(AD35*100/S35,1) -> 0.4 | AE33: =ROUND(AE35*100/T35,1) -> 0.3 | AF33: =M33&"; "&N33&"; "&O33&"; "&P33&"; "&Q33&"; "&R33&"; "&S33&"; "&T33&"; "&U33 -> 0; 15,7; 8,4; 0,8; 0,5; 0,5; 0,4; 0,4; 0,3
A34: =$A$9 -> Forbrugsenheder | G34: =A34 -> Forbrugsenheder | H34: 1.9313908 | I34: 2.4204682
A35: Flere end 2 voksne så pr. stk. | B35: =(H35/1.5)*0.5 -> 5562.4055 | C35: To | D35: 2. Boligudstyr og indretning | E35: =IF(Data!$E$4=1,0,IF(Data!$E$4=2,F35,F35+B35*Data!G4)) -> 19307.109 | F35: =IF(Data!$E$5=0,M35,IF(Data!$E$5=1,N35,IF(Data!$E$5=2,O35,IF(Data!$E$5=3,P35,IF(Data!$E$5=4,Q35,IF(Data!$E$5=5,R35,IF(Data!$E$5=6,S35,IF(Data!$E$5=7,T35,U35)))))))) -> 19307.109 | H35: =G37*H34 -> 16687.216 | I35: =G37*I34 -> 20912.845 | J35: =H35*$C$4/$K$3 -> 3337.4433 | K35: =I35*$C$4/$M$3 -> 2987.5493 | L35: kr. pr. år --> | M35: =H35 -> 16687.216 | N35: =M35+M35*N33% -> 19307.109 | O35: =N35+N35*O33% -> 20928.907 | P35: =O35+O35*P33% -> 21096.338 | Q35: =P35+P35*Q33% -> 21201.819 | R35: =Q35+Q35*R33% -> 21307.829 | S35: =R35+R35*S33% -> 21393.06 | T35: =S35+S35*T33% -> 21478.632 | U35: =T35+T35*U33% -> 21543.068 | V35: =K35 -> 2987.5493 | W35: Kroner op --> | X35: =500+(I35-H35)/2 -> 2612.8145 | Y35: =I35-(H35+X35) -> 1612.8145 | Z35: =Y35*10% -> 161.28145 | AA35: =Z35*70% -> 112.89701 | AB35: =AA35*90% -> 101.60731 | AC35: =AB35*90% -> 91.44658 | AD35: =AC35*90% -> 82.301922 | AE35: =AD35*90% -> 74.07173 | AF35: =ROUND(B35,0) -> 5562
D36: Valg 1, 2 eller flere | E36: =IF(Data!$E$4=0,0,IF(Data!$E$4=1,E32,IF(Data!$E$4=2,E35,E35))) -> 19307.109 | G36: ='DS-tal-valgte'!D29 -> 12960 | H36: =$H$14 -> Forbrugsenheder aktuelt: | I36: =$I$14 -> I alt efter forbrugsenheder:
D37: Kroner pr. forbrugsenhed | E37: =E36/$AJ$11 -> 10726.172 | G37: =G36/$M$4 -> 8640 | H37: =$AJ$11 -> 1.8 | I37: =H37*G37 -> 15552
D38: Test: Endeligt forbrug pr. måned: | E38: =E36/12 -> 1608.9258
H40: Tal der styrer: | I40: Juster efter disse: | J40: Forbrugsenheder pr. barn: | L40: Antal børn --> | M40: 0 | N40: =M40+1 -> 1 | O40: =N40+1 -> 2 | P40: =O40+1 -> 3 | Q40: =P40+1 -> 4 | R40: =Q40+1 -> 5 | S40: =R40+1 -> 6 | T40: =S40+1 -> 7 | U40: =T40+1 -> 8 | V40: Forbrugsenhed: | W40: Vækst år til år --> | X40: 0-1 | Y40: 1-2 | Z40: 2-3 | AA40: 3-4 | AB40: 4-5 | AC40: 5-6 | AD40: 6-7 | AE40: 7-8 | AF40: =ROUND(H43,0) -> 2279
A41: Medicin og lægeudgifter | C41: =$C$8 -> 2018 ok | G41: Alle | H41: Enlig uden børn: | I41: Enlig med børn: | J41: Enlig uden børn: | K41: Enlig med børn: | L41: % op --> | M41: 0 | N41: =X41 -> 3.2 | O41: =Y41 -> 6.5 | P41: =Z41 -> 3.7 | Q41: =AA41 -> 0 | R41: =AB41 -> 0 | S41: =AC41 -> 0 | T41: =AD41 -> 0 | U41: =AE41 -> 0 | V41: =K41 -> Enlig med børn: | W41: % op --> | X41: =ROUND(X43*100/M43,1) -> 3.2 | Y41: =ROUND(Y43*100/N43,1) -> 6.5 | Z41: =ROUND(Z43*100/O43,1) -> 3.7 | AA41: =ROUND(AA43*100/P43,1) -> 0 | AB41: =ROUND(AB43*100/Q43,1) -> 0 | AC41: =ROUND(AC43*100/R43,1) -> 0 | AD41: =ROUND(AD43*100/S43,1) -> 0 | AE41: =ROUND(AE43*100/T43,1) -> 0 | AF41: =M41&"; "&N41&"; "&O41&"; "&P41&"; "&Q41&"; "&R41&"; "&S41&"; "&T41&"; "&U41 -> 0; 3,2; 6,5; 3,7; 0; 0; 0; 0; 0
A42: =$A$9 -> Forbrugsenheder | G42: =A42 -> Forbrugsenheder | H42: 0.65303936 | I42: 0.71797468
C43: Én | D43: 1. Medicin og lægeudgifter | E43: =IF(Data!$E$4=1,F43,IF(Data!$E$4=2,0,0)) -> 0 | F43: =IF(Data!$E$5=0,M43,IF(Data!$E$5=1,N43,IF(Data!$E$5=2,O43,IF(Data!$E$5=3,P43,IF(Data!$E$5=4,Q43,IF(Data!$E$5=5,R43,IF(Data!$E$5=6,S43,IF(Data!$E$5=7,T43,U43)))))))) -> 2351.5895 | H43: =G48*H42 -> 2278.672 | I43: =G48*I42 -> 2505.253 | J43: =H43*$C$4/$K$2 -> 683.6016 | K43: =I43*$C$4/$M$2 -> 501.0506 | L43: kr. pr. år --> | M43: =H43 -> 2278.672 | N43: =M43+M43*N41% -> 2351.5895 | O43: =N43+N43*O41% -> 2504.4428 | P43: =O43+O43*P41% -> 2597.1072 | Q43: =P43+P43*Q41% -> 2597.1072 | R43: =Q43+Q43*R41% -> 2597.1072 | S43: =R43+R43*S41% -> 2597.1072 | T43: =S43+S43*T41% -> 2597.1072 | U43: =T43+T43*U41% -> 2597.1072 | V43: =K43 -> 501.0506 | W43: Kroner op --> | X43: =-40+(I43-H43)/2 -> 73.290489 | Y43: =I43-(H43+X43) -> 153.29049 | Z43: =Y43*60% -> 91.974293 | AA43: =Z43*0% -> 0 | AB43: =AA43*90% -> 0 | AC43: =AB43*90% -> 0 | AD43: =AC43*90% -> 0 | AE43: =AD43*90% -> 0 | AF43: =ROUND(H46,0) -> 5431
H44: 2 v uden børn: | I44: 2 v med børn: | J44: 2 v uden børn: | K44: 2 v med børn: | L44: % op --> | M44: 0 | N44: =X44 -> -8.1 | O44: =Y44 -> -8.8 | P44: =Z44 -> -5.8 | Q44: =AA44 -> 0 | R44: =AB44 -> 0 | S44: =AC44 -> 0 | T44: =AD44 -> 0 | U44: =AE44 -> 0 | V44: =K44 -> 2 v med børn: | W44: % op --> | X44: =ROUND(X46*100/M46,1) -> -8.1 | Y44: =ROUND(Y46*100/N46,1) -> -8.8 | Z44: =ROUND(Z46*100/O46,1) -> -5.8 | AA44: =ROUND(AA46*100/P46,1) -> 0 | AB44: =ROUND(AB46*100/Q46,1) -> 0 | AC44: =ROUND(AC46*100/R46,1) -> 0 | AD44: =ROUND(AD46*100/S46,1) -> 0 | AE44: =ROUND(AE46*100/T46,1) -> 0 | AF44: =M44&"; "&N44&"; "&O44&"; "&P44&"; "&Q44&"; "&R44&"; "&S44&"; "&T44&"; "&U44 -> 0; -8,1; -8,8; -5,8; 0; 0; 0; 0; 0
A45: =$A$9 -> Forbrugsenheder | G45: =A45 -> Forbrugsenheder | H45: 1.5564719 | I45: 1.3046337
A46: Flere end 2 voksne så pr. stk. | B46: =(H46/1.5)*0.5 -> 1810.3498 | C46: To | D46: 2. Medicin og lægeudgifter | E46: =IF(Data!$E$4=1,0,IF(Data!$E$4=2,F46,F46+B46*Data!$G$4)) -> 4991.1343 | F46: =IF(Data!$E$5=0,M46,IF(Data!$E$5=1,N46,IF(Data!$E$5=2,O46,IF(Data!$E$5=3,P46,IF(Data!$E$5=4,Q46,IF(Data!$E$5=5,R46,IF(Data!$E$5=6,S46,IF(Data!$E$5=7,T46,U46)))))))) -> 4991.1343 | H46: =G48*H45 -> 5431.0493 | I46: =G48*I45 -> 4552.302 | J46: =H46*$C$4/$K$3 -> 1086.2099 | K46: =I46*$C$4/$M$3 -> 650.32886 | L46: kr. pr. år --> | M46: =H46 -> 5431.0493 | N46: =M46+M46*N44% -> 4991.1343 | O46: =N46+N46*O44% -> 4551.9145 | P46: =O46+O46*P44% -> 4287.9035 | Q46: =P46+P46*Q44% -> 4287.9035 | R46: =Q46+Q46*R44% -> 4287.9035 | S46: =R46+R46*S44% -> 4287.9035 | T46: =S46+S46*T44% -> 4287.9035 | U46: =T46+T46*U44% -> 4287.9035 | V46: =K46 -> 650.32886 | W46: Kroner op --> | X46: =(I46-H46)/2 -> -439.37365 | Y46: =I46-(H46+X46) -> -439.37365 | Z46: =Y46*60% -> -263.62419 | AA46: =Z46*0% -> 0 | AB46: =AA46*0% -> 0 | AC46: =AB46*0% -> 0 | AD46: =AC46*90% -> 0 | AE46: =AD46*90% -> 0 | AF46: =ROUND(B46,0) -> 1810
D47: Valg 1, 2 eller flere | E47: =IF(Data!$E$4=0,0,IF(Data!$E$4=1,E43,IF(Data!$E$4=2,E46,E46))) -> 4991.1343 | G47: ='DS-tal-valgte'!D34 -> 5234 | H47: =$H$14 -> Forbrugsenheder aktuelt: | I47: =$I$14 -> I alt efter forbrugsenheder:
D48: Kroner pr. forbrugsenhed | E48: =E47/$AJ$11 -> 2772.8524 | G48: =G47/$M$4 -> 3489.3333 | H48: =$AJ$11 -> 1.8 | I48: =H48*G48 -> 6280.8
D49: Test: Endeligt forbrug pr. måned: | E49: =E47/12 -> 415.92786
H51: Tal der styrer: | I51: Juster efter disse: | J51: Forbrugsenheder pr. barn: | L51: Antal børn --> | M51: 0 | N51: =M51+1 -> 1 | O51: =N51+1 -> 2 | P51: =O51+1 -> 3 | Q51: =P51+1 -> 4 | R51: =Q51+1 -> 5 | S51: =R51+1 -> 6 | T51: =S51+1 -> 7 | U51: =T51+1 -> 8 | V51: Forbrugsenhed: | W51: Vækst år til år --> | X51: 0-1 | Y51: 1-2 | Z51: 2-3 | AA51: 3-4 | AB51: 4-5 | AC51: 5-6 | AD51: 6-7 | AE51: 7-8 | AF51: =ROUND(H54,0) -> 1438
A52: Tandlæge | C52: =$C$8 -> 2018 ok | G52: Alle | H52: Enlig uden børn: | I52: Enlig med børn: | J52: Enlig uden børn: | K52: Enlig med børn: | L52: % op --> | M52: 0 | N52: =X52 -> 22 | O52: =Y52 -> 16.9 | P52: =Z52 -> 18 | Q52: =AA52 -> 15.3 | R52: =AB52 -> 13.3 | S52: =AC52 -> 11.7 | T52: =AD52 -> 10.5 | U52: =AE52 -> 9.5 | V52: =K52 -> Enlig med børn: | W52: % op --> | X52: =ROUND(X54*100/M54,1) -> 22 | Y52: =ROUND(Y54*100/N54,1) -> 16.9 | Z52: =ROUND(Z54*100/O54,1) -> 18 | AA52: =ROUND(AA54*100/P54,1) -> 15.3 | AB52: =ROUND(AB54*100/Q54,1) -> 13.3 | AC52: =ROUND(AC54*100/R54,1) -> 11.7 | AD52: =ROUND(AD54*100/S54,1) -> 10.5 | AE52: =ROUND(AE54*100/T54,1) -> 9.5 | AF52: =M52&"; "&N52&"; "&O52&"; "&P52&"; "&Q52&"; "&R52&"; "&S52&"; "&T52&"; "&U52 -> 0; 22; 16,9; 18; 15,3; 13,3; 11,7; 10,5; 9,5
A53: =$A$9 -> Forbrugsenheder | G53: =A53 -> Forbrugsenheder | H53: 0.76 | I53: 1.0832794
C54: Én | D54: 1. Tandlæge | E54: =IF(Data!$E$4=1,F54,IF(Data!$E$4=2,0,0)) -> 0 | F54: =IF(Data!$E$5=0,M54,IF(Data!$E$5=1,N54,IF(Data!$E$5=2,O54,IF(Data!$E$5=3,P54,IF(Data!$E$5=4,Q54,IF(Data!$E$5=5,R54,IF(Data!$E$5=6,S54,IF(Data!$E$5=7,T54,U54)))))))) -> 1754.8805 | H54: =G59*H53 -> 1438.4267 | I54: =G59*I53 -> 2050.2869 | J54: =H54*$C$4/$K$2 -> 431.528 | K54: =I54*$C$4/$M$2 -> 410.05738 | L54: kr. pr. år --> | M54: =H54 -> 1438.4267 | N54: =M54+M54*N52% -> 1754.8805 | O54: =N54+N54*O52% -> 2051.4553 | P54: =O54+O54*P52% -> 2420.7173 | Q54: =P54+P54*Q52% -> 2791.0871 | R54: =Q54+Q54*R52% -> 3162.3016 | S54: =R54+R54*S52% -> 3532.2909 | T54: =S54+S54*T52% -> 3903.1815 | U54: =T54+T54*U52% -> 4273.9837 | V54: =K54 -> 410.05738 | W54: Kroner op --> | X54: =10+(I54-H54)/2 -> 315.93012 | Y54: =I54-(H54+X54) -> 295.93012 | Z54: 370 | AA54: 370 | AB54: 370 | AC54: 370 | AD54: 370 | AE54: 370 | AF54: =ROUND(H57,0) -> 3281
H55: 2 v uden børn: | I55: 2 v med børn: | J55: 2 v uden børn: | K55: 2 v med børn: | L55: % op --> | M55: 0 | N55: =X55 -> -14 | O55: =Y55 -> -12.8 | P55: =Z55 -> 15.4 | Q55: =AA55 -> 13.4 | R55: =AB55 -> 11.8 | S55: =AC55 -> 10.6 | T55: =AD55 -> 9.5 | U55: =AE55 -> 8.7 | V55: =K55 -> 2 v med børn: | W55: % op --> | X55: =ROUND(X57*100/M57,1) -> -14 | Y55: =ROUND(Y57*100/N57,1) -> -12.8 | Z55: =ROUND(Z57*100/O57,1) -> 15.4 | AA55: =ROUND(AA57*100/P57,1) -> 13.4 | AB55: =ROUND(AB57*100/Q57,1) -> 11.8 | AC55: =ROUND(AC57*100/R57,1) -> 10.6 | AD55: =ROUND(AD57*100/S57,1) -> 9.5 | AE55: =ROUND(AE57*100/T57,1) -> 8.7 | AF55: =M55&"; "&N55&"; "&O55&"; "&P55&"; "&Q55&"; "&R55&"; "&S55&"; "&T55&"; "&U55 -> 0; -14; -12,8; 15,4; 13,4; 11,8; 10,6; 9,5; 8,7
A56: =$A$9 -> Forbrugsenheder | G56: =A56 -> Forbrugsenheder | H56: 1.7334069 | I56: 1.3
A57: Flere end 2 voksne så pr. stk. | B57: =H57/2 -> 1640.3807 | C57: To | D57: 2. Tandlæge | E57: =IF(Data!$E$4=1,0,IF(Data!$E$4=2,F57,F57+B57*Data!$G$4)) -> 2821.4548 | F57: =IF(Data!$E$5=0,M57,IF(Data!$E$5=1,N57,IF(Data!$E$5=2,O57,IF(Data!$E$5=3,P57,IF(Data!$E$5=4,Q57,IF(Data!$E$5=5,R57,IF(Data!$E$5=6,S57,IF(Data!$E$5=7,T57,U57)))))))) -> 2821.4548 | H57: =G59*H56 -> 3280.7614 | I57: =G59*I56 -> 2460.4667 | J57: =H57*$C$4/$K$3 -> 656.15228 | K57: =I57*$C$4/$M$3 -> 351.49524 | L57: kr. pr. år --> | M57: =H57 -> 3280.7614 | N57: =M57+M57*N55% -> 2821.4548 | O57: =N57+N57*O55% -> 2460.3086 | P57: =O57+O57*P55% -> 2839.1961 | Q57: =P57+P57*Q55% -> 3219.6484 | R57: =Q57+Q57*R55% -> 3599.5669 | S57: =R57+R57*S55% -> 3981.121 | T57: =S57+S57*T55% -> 4359.3275 | U57: =T57+T57*U55% -> 4738.589 | V57: =K57 -> 351.49524 | W57: Kroner op --> | X57: =-50+(I57-H57)/2 -> -460.14737 | Y57: =I57-(H57+X57) -> -360.14737 | Z57: 380 | AA57: 380 | AB57: 380 | AC57: 380 | AD57: 380 | AE57: 380 | AF57: =ROUND(B57,0) -> 1640
D58: Valg 1, 2 eller flere | E58: =IF(Data!$E$4=0,0,IF(Data!$E$4=1,E54,IF(Data!$E$4=2,E57,E57))) -> 2821.4548 | G58: ='DS-tal-valgte'!D38 -> 2839 | H58: =$H$14 -> Forbrugsenheder aktuelt: | I58: =$I$14 -> I alt efter forbrugsenheder:
D59: Kroner pr. forbrugsenhed | E59: =E58/$AJ$11 -> 1567.4749 | G59: =G58/$M$4 -> 1892.6667 | H59: =$AJ$11 -> 1.8 | I59: =H59*G59 -> 3406.8
D60: Test: Endeligt forbrug pr. måned: | E60: =E58/12 -> 235.12123
H62: Tal der styrer: | I62: Juster efter disse: | J62: Forbrugsenheder pr. barn: | L62: Antal børn --> | M62: 0 | N62: =M62+1 -> 1 | O62: =N62+1 -> 2 | P62: =O62+1 -> 3 | Q62: =P62+1 -> 4 | R62: =Q62+1 -> 5 | S62: =R62+1 -> 6 | T62: =S62+1 -> 7 | U62: =T62+1 -> 8 | V62: Forbrugsenhed: | W62: Vækst år til år --> | X62: 0-1 | Y62: 1-2 | Z62: 2-3 | AA62: 3-4 | AB62: 4-5 | AC62: 5-6 | AD62: 6-7 | AE62: 7-8 | AF62: =ROUND(H65,0) -> 2500
A63: Gaver | C63: =$C$8 -> 2018 ok | G63: Alle | H63: Enlig uden børn: | I63: Enlig med børn: | J63: Enlig uden børn: | K63: Enlig med børn: | L63: % op --> | M63: 0 | N63: =X63 -> 28 | O63: =Y63 -> 21.9 | P63: =Z63 -> 14.4 | Q63: =AA63 -> 8.8 | R63: =AB63 -> 7.3 | S63: =AC63 -> 6.1 | T63: =AD63 -> 5.2 | U63: =AE63 -> 4.4 | V63: =K63 -> Enlig med børn: | W63: % op --> | X63: =ROUND(X65*100/M65,1) -> 28 | Y63: =ROUND(Y65*100/N65,1) -> 21.9 | Z63: =ROUND(Z65*100/O65,1) -> 14.4 | AA63: =ROUND(AA65*100/P65,1) -> 8.8 | AB63: =ROUND(AB65*100/Q65,1) -> 7.3 | AC63: =ROUND(AC65*100/R65,1) -> 6.1 | AD63: =ROUND(AD65*100/S65,1) -> 5.2 | AE63: =ROUND(AE65*100/T65,1) -> 4.4 | AF63: =M63&"; "&N63&"; "&O63&"; "&P63&"; "&Q63&"; "&R63&"; "&S63&"; "&T63&"; "&U63 -> 0; 28; 21,9; 14,4; 8,8; 7,3; 6,1; 5,2; 4,4
A64: =$A$9 -> Forbrugsenheder | G64: =A64 -> Forbrugsenheder | H64: 0.75 | I64: 1.17
C65: Én | D65: 1. Gaver | E65: =IF(Data!$E$4=1,F65,IF(Data!$E$4=2,0,0)) -> 0 | F65: =IF(Data!$E$5=0,M65,IF(Data!$E$5=1,N65,IF(Data!$E$5=2,O65,IF(Data!$E$5=3,P65,IF(Data!$E$5=4,Q65,IF(Data!$E$5=5,R65,IF(Data!$E$5=6,S65,IF(Data!$E$5=7,T65,U65)))))))) -> 3200 | H65: =G70*H64 -> 2500 | I65: =G70*I64 -> 3900 | J65: =H65*$C$4/$K$2 -> 750 | K65: =I65*$C$4/$M$2 -> 780 | L65: kr. pr. år --> | M65: =H65 -> 2500 | N65: =M65+M65*N63% -> 3200 | O65: =N65+N65*O63% -> 3900.8 | P65: =O65+O65*P63% -> 4462.5152 | Q65: =P65+P65*Q63% -> 4855.2165 | R65: =Q65+Q65*R63% -> 5209.6473 | S65: =R65+R65*S63% -> 5527.4358 | T65: =S65+S65*T63% -> 5814.8625 | U65: =T65+T65*U63% -> 6070.7164 | V65: =K65 -> 780 | W65: Kroner op --> | X65: =(I65-H65)/2 -> 700 | Y65: =I65-(H65+X65) -> 700 | Z65: =Y65*80% -> 560 | AA65: =Z65*70% -> 392 | AB65: =AA65*90% -> 352.8 | AC65: =AB65*90% -> 317.52 | AD65: =AC65*90% -> 285.768 | AE65: =AD65*90% -> 257.1912 | AF65: =ROUND(H68,0) -> 4000
H66: 2 v uden børn: | I66: 2 v med børn: | J66: 2 v uden børn: | K66: 2 v med børn: | L66: % op --> | M66: 0 | N66: =X66 -> 22.5 | O66: =Y66 -> 18.4 | P66: =Z66 -> 12.4 | Q66: =AA66 -> 7.7 | R66: =AB66 -> 6.5 | S66: =AC66 -> 5.5 | T66: =AD66 -> 4.7 | U66: =AE66 -> 4 | V66: =K66 -> 2 v med børn: | W66: % op --> | X66: =ROUND(X68*100/M68,1) -> 22.5 | Y66: =ROUND(Y68*100/N68,1) -> 18.4 | Z66: =ROUND(Z68*100/O68,1) -> 12.4 | AA66: =ROUND(AA68*100/P68,1) -> 7.7 | AB66: =ROUND(AB68*100/Q68,1) -> 6.5 | AC66: =ROUND(AC68*100/R68,1) -> 5.5 | AD66: =ROUND(AD68*100/S68,1) -> 4.7 | AE66: =ROUND(AE68*100/T68,1) -> 4 | AF66: =M66&"; "&N66&"; "&O66&"; "&P66&"; "&Q66&"; "&R66&"; "&S66&"; "&T66&"; "&U66 -> 0; 22,5; 18,4; 12,4; 7,7; 6,5; 5,5; 4,7; 4
A67: =$A$9 -> Forbrugsenheder | G67: =A67 -> Forbrugsenheder | H67: 1.2 | I67: 1.74
A68: Flere end 2 voksne så pr. stk. | B68: =(H68/1.5)*0.5 -> 1333.3333 | C68: To | D68: 2. Gaver | E68: =IF(Data!$E$4=1,0,IF(Data!$E$4=2,F68,F68+B68*Data!G4)) -> 4900 | F68: =IF(Data!$E$5=0,M68,IF(Data!$E$5=1,N68,IF(Data!$E$5=2,O68,IF(Data!$E$5=3,P68,IF(Data!$E$5=4,Q68,IF(Data!$E$5=5,R68,IF(Data!$E$5=6,S68,IF(Data!$E$5=7,T68,U68)))))))) -> 4900 | H68: =G70*H67 -> 4000 | I68: =G70*I67 -> 5800 | J68: =H68*$C$4/$K$3 -> 800 | K68: =I68*$C$4/$M$3 -> 828.57143 | L68: kr. pr. år --> | M68: =H68 -> 4000 | N68: =M68+M68*N66% -> 4900 | O68: =N68+N68*O66% -> 5801.6 | P68: =O68+O68*P66% -> 6520.9984 | Q68: =P68+P68*Q66% -> 7023.1153 | R68: =Q68+Q68*R66% -> 7479.6178 | S68: =R68+R68*S66% -> 7890.9967 | T68: =S68+S68*T66% -> 8261.8736 | U68: =T68+T68*U66% -> 8592.3485 | V68: =K68 -> 828.57143 | W68: Kroner op --> | X68: =(I68-H68)/2 -> 900 | Y68: =I68-(H68+X68) -> 900 | Z68: =Y68*80% -> 720 | AA68: =Z68*70% -> 504 | AB68: =AA68*90% -> 453.6 | AC68: =AB68*90% -> 408.24 | AD68: =AC68*90% -> 367.416 | AE68: =AD68*90% -> 330.6744 | AF68: =ROUND(B68,0) -> 1333
D69: Valg 1, 2 eller flere | E69: =IF(Data!$E$4=0,0,IF(Data!$E$4=1,E65,IF(Data!$E$4=2,E68,E68))) -> 4900 | G69: 5000 | H69: =$H$14 -> Forbrugsenheder aktuelt: | I69: =$I$14 -> I alt efter forbrugsenheder:
D70: Kroner pr. forbrugsenhed | E70: =E69/$AJ$11 -> 2722.2222 | G70: =G69/$M$4 -> 3333.3333 | H70: =$AJ$11 -> 1.8 | I70: =H70*G70 -> 6000
D71: Test: Endeligt forbrug pr. måned: | E71: =E69/12 -> 408.33333
H73: Tal der styrer: | I73: Juster efter disse: | J73: Forbrugsenheder pr. barn: | L73: Antal børn --> | M73: 0 | N73: =M73+1 -> 1 | O73: =N73+1 -> 2 | P73: =O73+1 -> 3 | Q73: =P73+1 -> 4 | R73: =Q73+1 -> 5 | S73: =R73+1 -> 6 | T73: =S73+1 -> 7 | U73: =T73+1 -> 8 | V73: Forbrugsenhed: | W73: Vækst år til år --> | X73: 0-1 | Y73: 1-2 | Z73: 2-3 | AA73: 3-4 | AB73: 4-5 | AC73: 5-6 | AD73: 6-7 | AE73: 7-8 | AF73: =ROUND(H76,0) -> 19722
A74: Ferie, fritid og underholdning | C74: =$C$8 -> 2018 ok | H74: Enlig uden børn: | I74: Enlig med børn: | J74: Enlig uden børn: | K74: Enlig med børn: | L74: % op --> | M74: 0 | N74: =X74 -> 17.1 | O74: =Y74 -> 10.3 | P74: =Z74 -> 8.4 | Q74: =AA74 -> 5.4 | R74: =AB74 -> 4.6 | S74: =AC74 -> 4 | T74: =AD74 -> 3.4 | U74: =AE74 -> 3 | V74: =K74 -> Enlig med børn: | W74: % op --> | X74: =ROUND(X76*100/M76,1) -> 17.1 | Y74: =ROUND(Y76*100/N76,1) -> 10.3 | Z74: =ROUND(Z76*100/O76,1) -> 8.4 | AA74: =ROUND(AA76*100/P76,1) -> 5.4 | AB74: =ROUND(AB76*100/Q76,1) -> 4.6 | AC74: =ROUND(AC76*100/R76,1) -> 4 | AD74: =ROUND(AD76*100/S76,1) -> 3.4 | AE74: =ROUND(AE76*100/T76,1) -> 3 | AF74: =M74&"; "&N74&"; "&O74&"; "&P74&"; "&Q74&"; "&R74&"; "&S74&"; "&T74&"; "&U74 -> 0; 17,1; 10,3; 8,4; 5,4; 4,6; 4; 3,4; 3
A75: =$A$9 -> Forbrugsenheder | G75: =A75 -> Forbrugsenheder | H75: 0.75004092 | I75: 0.96857068
C76: Én | D76: 1. Ferie, fritid og underholdning | E76: =IF(Data!$E$4=1,F76,IF(Data!$E$4=2,0,0)) -> 0 | F76: =IF(Data!$E$5=0,M76,IF(Data!$E$5=1,N76,IF(Data!$E$5=2,O76,IF(Data!$E$5=3,P76,IF(Data!$E$5=4,Q76,IF(Data!$E$5=5,R76,IF(Data!$E$5=6,S76,IF(Data!$E$5=7,T76,U76)))))))) -> 23093.965 | H76: =G81*H75 -> 19721.576 | I76: =G81*I75 -> 25467.598 | J76: =H76*$C$4/$K$2 -> 5916.4727 | K76: =I76*$C$4/$M$2 -> 5093.5195 | L76: kr. pr. år --> | M76: =H76 -> 19721.576 | N76: =M76+M76*N74% -> 23093.965 | O76: =N76+N76*O74% -> 25472.644 | P76: =O76+O76*P74% -> 27612.346 | Q76: =P76+P76*Q74% -> 29103.412 | R76: =Q76+Q76*R74% -> 30442.169 | S76: =R76+R76*S74% -> 31659.856 | T76: =S76+S76*T74% -> 32736.291 | U76: =T76+T76*U74% -> 33718.38 | V76: =K76 -> 5093.5195 | W76: Kroner op --> | X76: =500+(I76-H76)/2 -> 3373.0109 | Y76: =I76-(H76+X76) -> 2373.0109 | Z76: =Y76*90% -> 2135.7098 | AA76: =Z76*70% -> 1494.9969 | AB76: =AA76*90% -> 1345.4972 | AC76: =AB76*90% -> 1210.9474 | AD76: =AC76*90% -> 1089.8527 | AE76: =AD76*90% -> 980.86743 | AF76: =ROUND(H79,0) -> 42333
H77: 2 v uden børn: | I77: 2 v med børn: | J77: 2 v uden børn: | K77: 2 v med børn: | L77: % op --> | M77: 0 | N77: =X77 -> 1.1 | O77: =Y77 -> -1.2 | P77: =Z77 -> -1.1 | Q77: =AA77 -> -0.8 | R77: =AB77 -> -0.7 | S77: =AC77 -> -0.6 | T77: =AD77 -> -0.6 | U77: =AE77 -> -0.5 | V77: =K77 -> 2 v med børn: | W77: % op --> | X77: =ROUND(X79*100/M79,1) -> 1.1 | Y77: =ROUND(Y79*100/N79,1) -> -1.2 | Z77: =ROUND(Z79*100/O79,1) -> -1.1 | AA77: =ROUND(AA79*100/P79,1) -> -0.8 | AB77: =ROUND(AB79*100/Q79,1) -> -0.7 | AC77: =ROUND(AC79*100/R79,1) -> -0.6 | AD77: =ROUND(AD79*100/S79,1) -> -0.6 | AE77: =ROUND(AE79*100/T79,1) -> -0.5 | AF77: =M77&"; "&N77&"; "&O77&"; "&P77&"; "&Q77&"; "&R77&"; "&S77&"; "&T77&"; "&U77 -> 0; 1,1; -1,2; -1,1; -0,8; -0,7; -0,6; -0,6; -0,5
A78: =$A$9 -> Forbrugsenheder | G78: =A78 -> Forbrugsenheder | H78: 1.6099921 | I78: 1.6089431
A79: Flere end 2 voksne så pr. stk. | B79: =(H79/1.5)*0.5 -> 14111.044 | C79: To | D79: 2. Ferie og fritid | E79: =IF(Data!$E$4=1,0,IF(Data!$E$4=2,F79,F79+B79*Data!G4)) -> 42798.796 | F79: =IF(Data!$E$5=0,M79,IF(Data!$E$5=1,N79,IF(Data!$E$5=2,O79,IF(Data!$E$5=3,P79,IF(Data!$E$5=4,Q79,IF(Data!$E$5=5,R79,IF(Data!$E$5=6,S79,IF(Data!$E$5=7,T79,U79)))))))) -> 42798.796 | H79: =G81*H78 -> 42333.131 | I79: =G81*I78 -> 42305.551 | J79: =H79*$C$4/$K$3 -> 8466.6263 | K79: =I79*$C$4/$M$3 -> 6043.6501 | L79: kr. pr. år --> | M79: =H79 -> 42333.131 | N79: =M79+M79*N77% -> 42798.796 | O79: =N79+N79*O77% -> 42285.21 | P79: =O79+O79*P77% -> 41820.073 | Q79: =P79+P79*Q77% -> 41485.512 | R79: =Q79+Q79*R77% -> 41195.114 | S79: =R79+R79*S77% -> 40947.943 | T79: =S79+S79*T77% -> 40702.255 | U79: =T79+T79*U77% -> 40498.744 | V79: =K79 -> 6043.6501 | W79: Kroner op --> | X79: =500+(I79-H79)/2 -> 486.20978 | Y79: =I79-(H79+X79) -> -513.79022 | Z79: =Y79*90% -> -462.4112 | AA79: =Z79*70% -> -323.68784 | AB79: =AA79*90% -> -291.31905 | AC79: =AB79*90% -> -262.18715 | AD79: =AC79*90% -> -235.96843 | AE79: =AD79*90% -> -212.37159 | AF79: =ROUND(B79,0) -> 14111
D80: Valg 1, 2 eller flere | E80: =IF(Data!$E$4=0,0,IF(Data!$E$4=1,E76,IF(Data!$E$4=2,E79,E79))) -> 42798.796 | G80: ='DS-tal-valgte'!D54-'DS-tal-valgte'!D42 -> 39441 | H80: =$H$14 -> Forbrugsenheder aktuelt: | I80: =$I$14 -> I alt efter forbrugsenheder:
D81: Kroner pr. forbrugsenhed | E81: =E80/$AJ$11 -> 23777.109 | G81: =G80/$M$4 -> 26294 | H81: =$AJ$11 -> 1.8 | I81: =H81*G81 -> 47329.2
D82: Test: Endeligt forbrug pr. måned: | E82: =E80/12 -> 3566.5663
H84: Tal der styrer: | I84: Juster efter disse: | J84: Forbrugsenheder pr. barn: | L84: Antal børn --> | M84: 0 | N84: =M84+1 -> 1 | O84: =N84+1 -> 2 | P84: =O84+1 -> 3 | Q84: =P84+1 -> 4 | R84: =Q84+1 -> 5 | S84: =R84+1 -> 6 | T84: =S84+1 -> 7 | U84: =T84+1 -> 8 | V84: Forbrugsenhed: | W84: Vækst år til år --> | X84: 0-1 | Y84: 1-2 | Z84: 2-3 | AA84: 3-4 | AB84: 4-5 | AC84: 5-6 | AD84: 6-7 | AE84: 7-8 | AF84: =ROUND(H87,0) -> 704
A85: Vedligeholdelse | C85: =$C$8 -> 2018 ok | H85: Enlig uden børn: | I85: Enlig med børn: | J85: Enlig uden børn: | K85: Enlig med børn: | L85: % op --> | M85: 0 | N85: =X85 -> -6.1 | O85: =Y85 -> -36.7 | P85: =Z85 -> -29 | Q85: =AA85 -> 0 | R85: =AB85 -> 0 | S85: =AC85 -> 0 | T85: =AD85 -> 0 | U85: =AE85 -> 0 | V85: =K85 -> Enlig med børn: | W85: % op --> | X85: =ROUND(X87*100/M87,1) -> -6.1 | Y85: =ROUND(Y87*100/N87,1) -> -36.7 | Z85: =ROUND(Z87*100/O87,1) -> -29 | AA85: =ROUND(AA87*100/P87,1) -> 0 | AB85: =ROUND(AB87*100/Q87,1) -> 0 | AC85: =ROUND(AC87*100/R87,1) -> 0 | AD85: =ROUND(AD87*100/S87,1) -> 0 | AE85: =ROUND(AE87*100/T87,1) -> 0 | AF85: =M85&"; "&N85&"; "&O85&"; "&P85&"; "&Q85&"; "&R85&"; "&S85&"; "&T85&"; "&U85 -> 0; -6,1; -36,7; -29; 0; 0; 0; 0; 0
A86: =$A$9 -> Forbrugsenheder | G86: =A86 -> Forbrugsenheder | H86: 0.57602444 | I86: 0.34237958
C87: Én | D87: 1. Vedligeholdelse | E87: =IF(Data!$E$4=1,F87,IF(Data!$E$4=2,0,0)) -> 0 | F87: =IF(Data!$E$5=0,M87,IF(Data!$E$5=1,N87,IF(Data!$E$5=2,O87,IF(Data!$E$5=3,P87,IF(Data!$E$5=4,Q87,IF(Data!$E$5=5,R87,IF(Data!$E$5=6,S87,IF(Data!$E$5=7,T87,U87)))))))) -> 660.96386 | H87: =G92*H86 -> 703.90187 | I87: =G92*I86 -> 418.38785 | J87: =H87*$C$4/$K$2 -> 211.17056 | K87: =I87*$C$4/$M$2 -> 83.67757 | L87: kr. pr. år --> | M87: =H87 -> 703.90187 | N87: =M87+M87*N85% -> 660.96386 | O87: =N87+N87*O85% -> 418.39012 | P87: =O87+O87*P85% -> 297.05699 | Q87: =P87+P87*Q85% -> 297.05699 | R87: =Q87+Q87*R85% -> 297.05699 | S87: =R87+R87*S85% -> 297.05699 | T87: =S87+S87*T85% -> 297.05699 | U87: =T87+T87*U85% -> 297.05699 | V87: =K87 -> 83.67757 | W87: Kroner op --> | X87: =100+(I87-H87)/2 -> -42.757009 | Y87: =I87-(H87+X87) -> -242.75701 | Z87: =Y87*50% -> -121.3785 | AA87: =Z87*0% -> 0 | AB87: =AA87*90% -> 0 | AC87: =AB87*90% -> 0 | AD87: =AC87*90% -> 0 | AE87: =AD87*90% -> 0 | AF87: =ROUND(H90,0) -> 2212
H88: 2 v uden børn: | I88: 2 v med børn: | J88: 2 v uden børn: | K88: 2 v med børn: | L88: % op --> | M88: 0 | N88: =X88 -> 10.9 | O88: =Y88 -> 1.7 | P88: =Z88 -> 1.5 | Q88: =AA88 -> 1 | R88: =AB88 -> 0.9 | S88: =AC88 -> 0.8 | T88: =AD88 -> 0.7 | U88: =AE88 -> 0.7 | V88: =K88 -> 2 v med børn: | W88: % op --> | X88: =ROUND(X90*100/M90,1) -> 10.9 | Y88: =ROUND(Y90*100/N90,1) -> 1.7 | Z88: =ROUND(Z90*100/O90,1) -> 1.5 | AA88: =ROUND(AA90*100/P90,1) -> 1 | AB88: =ROUND(AB90*100/Q90,1) -> 0.9 | AC88: =ROUND(AC90*100/R90,1) -> 0.8 | AD88: =ROUND(AD90*100/S90,1) -> 0.7 | AE88: =ROUND(AE90*100/T90,1) -> 0.7 | AF88: =M88&"; "&N88&"; "&O88&"; "&P88&"; "&Q88&"; "&R88&"; "&S88&"; "&T88&"; "&U88 -> 0; 10,9; 1,7; 1,5; 1; 0,9; 0,8; 0,7; 0,7
A89: =$A$9 -> Forbrugsenheder | G89: =A89 -> Forbrugsenheder | H89: 1.8103882 | I89: 2.0418763
A90: Flere end 2 voksne så pr. stk. | B90: =(H90/1.5)*0.5 -> 737.43146 | C90: To | D90: 2. Vedligeholdelse | E90: =IF(Data!$E$4=1,0,IF(Data!$E$4=2,F90,F90+B90*Data!G4)) -> 2453.4345 | F90: =IF(Data!$E$5=0,M90,IF(Data!$E$5=1,N90,IF(Data!$E$5=2,O90,IF(Data!$E$5=3,P90,IF(Data!$E$5=4,Q90,IF(Data!$E$5=5,R90,IF(Data!$E$5=6,S90,IF(Data!$E$5=7,T90,U90)))))))) -> 2453.4345 | H90: =G92*H89 -> 2212.2944 | I90: =G92*I89 -> 2495.1729 | J90: =H90*$C$4/$K$3 -> 442.45888 | K90: =I90*$C$4/$M$3 -> 356.45327 | L90: kr. pr. år --> | M90: =H90 -> 2212.2944 | N90: =M90+M90*N88% -> 2453.4345 | O90: =N90+N90*O88% -> 2495.1429 | P90: =O90+O90*P88% -> 2532.57 | Q90: =P90+P90*Q88% -> 2557.8957 | R90: =Q90+Q90*R88% -> 2580.9168 | S90: =R90+R90*S88% -> 2601.5641 | T90: =S90+S90*T88% -> 2619.7751 | U90: =T90+T90*U88% -> 2638.1135 | V90: =K90 -> 356.45327 | W90: Kroner op --> | X90: =100+(I90-H90)/2 -> 241.43925 | Y90: =I90-(H90+X90) -> 41.439252 | Z90: =Y90*90% -> 37.295327 | AA90: =Z90*70% -> 26.106729 | AB90: =AA90*90% -> 23.496056 | AC90: =AB90*90% -> 21.14645 | AD90: =AC90*90% -> 19.031805 | AE90: =AD90*90% -> 17.128625 | AF90: =ROUND(B90,0) -> 737
A91: I budgettet benyttes beregning fra modeller | D91: Valg 1, 2 eller flere | E91: =IF(Data!$E$4=0,0,IF(Data!$E$4=1,E87,IF(Data!$E$4=2,E90,E90))) -> 2453.4345 | G91: ='DS-tal-valgte'!D64 -> 1833 | H91: =$H$14 -> Forbrugsenheder aktuelt: | I91: =$I$14 -> I alt efter forbrugsenheder:
D92: Kroner pr. forbrugsenhed | E92: =E91/$AJ$11 -> 1363.0192 | G92: =G91/$M$4 -> 1222 | H92: =$AJ$11 -> 1.8 | I92: =H92*G92 -> 2199.6
D93: Test: Endeligt forbrug pr. måned: | E93: =E91/12 -> 204.45287
H95: Tal der styrer: | I95: Juster efter disse: | J95: Forbrugsenheder pr. barn: | L95: Antal børn --> | M95: 0 | N95: =M95+1 -> 1 | O95: =N95+1 -> 2 | P95: =O95+1 -> 3 | Q95: =P95+1 -> 4 | R95: =Q95+1 -> 5 | S95: =R95+1 -> 6 | T95: =S95+1 -> 7 | U95: =T95+1 -> 8 | V95: Forbrugsenhed: | W95: Vækst år til år --> | X95: 0-1 | Y95: 1-2 | Z95: 2-3 | AA95: 3-4 | AB95: 4-5 | AC95: 5-6 | AD95: 6-7 | AE95: 7-8 | AF95: =ROUND(H98,0) -> 1084
A96: Aviser, bøger og blade | C96: =$C$8 -> 2018 ok | G96: Alle | H96: Enlig uden børn: | I96: Enlig med børn: | J96: Enlig uden børn: | K96: Enlig med børn: | L96: % op --> | M96: 0 | N96: =X96 -> 1.1 | O96: =Y96 -> 10.2 | P96: =Z96 -> 0.9 | Q96: =AA96 -> 0.8 | R96: =AB96 -> 0.7 | S96: =AC96 -> 0.7 | T96: =AD96 -> 0.6 | U96: =AE96 -> 0.5 | V96: =K96 -> Enlig med børn: | W96: % op --> | X96: =ROUND(X98*100/M98,1) -> 1.1 | Y96: =ROUND(Y98*100/N98,1) -> 10.2 | Z96: =ROUND(Z98*100/O98,1) -> 0.9 | AA96: =ROUND(AA98*100/P98,1) -> 0.8 | AB96: =ROUND(AB98*100/Q98,1) -> 0.7 | AC96: =ROUND(AC98*100/R98,1) -> 0.7 | AD96: =ROUND(AD98*100/S98,1) -> 0.6 | AE96: =ROUND(AE98*100/T98,1) -> 0.5 | AF96: =M96&"; "&N96&"; "&O96&"; "&P96&"; "&Q96&"; "&R96&"; "&S96&"; "&T96&"; "&U96 -> 0; 1,1; 10,2; 0,9; 0,8; 0,7; 0,7; 0,6; 0,5
A97: =$A$9 -> Forbrugsenheder | G97: =A97 -> Forbrugsenheder | H97: 0.68505233 | I97: 0.76355404
C98: Én | D98: 1. Aviser, bøger og blade | E98: =IF(Data!$E$4=1,F98,IF(Data!$E$4=2,0,0)) -> 0 | F98: =IF(Data!$E$5=0,M98,IF(Data!$E$5=1,N98,IF(Data!$E$5=2,O98,IF(Data!$E$5=3,P98,IF(Data!$E$5=4,Q98,IF(Data!$E$5=5,R98,IF(Data!$E$5=6,S98,IF(Data!$E$5=7,T98,U98)))))))) -> 1095.6741 | H98: =G103*H97 -> 1083.7528 | I98: =G103*I97 -> 1207.9425 | J98: =H98*$C$4/$K$2 -> 325.12584 | K98: =I98*$C$4/$M$2 -> 241.5885 | L98: kr. pr. år --> | M98: =H98 -> 1083.7528 | N98: =M98+M98*N96% -> 1095.6741 | O98: =N98+N98*O96% -> 1207.4328 | P98: =O98+O98*P96% -> 1218.2997 | Q98: =P98+P98*Q96% -> 1228.0461 | R98: =Q98+Q98*R96% -> 1236.6424 | S98: =R98+R98*S96% -> 1245.2989 | T98: =S98+S98*T96% -> 1252.7707 | U98: =T98+T98*U96% -> 1259.0346 | V98: =K98 -> 241.5885 | W98: Kroner op --> | X98: =-50+(I98-H98)/2 -> 12.094849 | Y98: =I98-(H98+X98) -> 112.09485 | Z98: =Y98*10% -> 11.209485 | AA98: =Z98*90% -> 10.088536 | AB98: =AA98*90% -> 9.0796828 | AC98: =AB98*90% -> 8.1717145 | AD98: =AC98*90% -> 7.354543 | AE98: =AD98*90% -> 6.6190887 | AF98: =ROUND(H101,0) -> 2152
H99: 2 v uden børn: | I99: 2 v med børn: | J99: 2 v uden børn: | K99: 2 v med børn: | L99: % op --> | M99: 0 | N99: =X99 -> -3.8 | O99: =Y99 -> 0.9 | P99: =Z99 -> 0 | Q99: =AA99 -> 0 | R99: =AB99 -> 0 | S99: =AC99 -> 0 | T99: =AD99 -> 0 | U99: =AE99 -> 0 | V99: =K99 -> 2 v med børn: | W99: % op --> | X99: =ROUND(X101*100/M101,1) -> -3.8 | Y99: =ROUND(Y101*100/N101,1) -> 0.9 | Z99: =ROUND(Z101*100/O101,1) -> 0 | AA99: =ROUND(AA101*100/P101,1) -> 0 | AB99: =ROUND(AB101*100/Q101,1) -> 0 | AC99: =ROUND(AC101*100/R101,1) -> 0 | AD99: =ROUND(AD101*100/S101,1) -> 0 | AE99: =ROUND(AE101*100/T101,1) -> 0 | AF99: =M99&"; "&N99&"; "&O99&"; "&P99&"; "&Q99&"; "&R99&"; "&S99&"; "&T99&"; "&U99 -> 0; -3,8; 0,9; 0; 0; 0; 0; 0; 0
A100: =$A$9 -> Forbrugsenheder | G100: =A100 -> Forbrugsenheder | H100: 1.3603434 | I100: 1.3207103
A101: Flere end 2 voksne så pr. stk. | B101: =(H101/1.5)*0.5 -> 717.35442 | C101: To | D101: 2. Aviser og blade | E101: =IF(Data!$E$4=1,0,IF(Data!$E$4=2,F101,F101+B101*Data!G4)) -> 2070.2849 | F101: =IF(Data!$E$5=0,M101,IF(Data!$E$5=1,N101,IF(Data!$E$5=2,O101,IF(Data!$E$5=3,P101,IF(Data!$E$5=4,Q101,IF(Data!$E$5=5,R101,IF(Data!$E$5=6,S101,IF(Data!$E$5=7,T101,U101)))))))) -> 2070.2849 | H101: =G103*H100 -> 2152.0633 | I101: =G103*I100 -> 2089.3638 | J101: =H101*$C$4/$K$3 -> 430.41265 | K101: =I101*$C$4/$M$3 -> 298.48054 | L101: kr. pr. år --> | M101: =H101 -> 2152.0633 | N101: =M101+M101*N99% -> 2070.2849 | O101: =N101+N101*O99% -> 2088.9174 | P101: =O101+O101*P99% -> 2088.9174 | Q101: =P101+P101*Q99% -> 2088.9174 | R101: =Q101+Q101*R99% -> 2088.9174 | S101: =R101+R101*S99% -> 2088.9174 | T101: =S101+S101*T99% -> 2088.9174 | U101: =T101+T101*U99% -> 2088.9174 | V101: =K101 -> 298.48054 | W101: Kroner op --> | X101: =-50+(I101-H101)/2 -> -81.349759 | Y101: =I101-(H101+X101) -> 18.650241 | Z101: =Y101*-5% -> -0.93251205 | AA101: =Z101*90% -> -0.83926085 | AB101: =AA101*90% -> -0.75533476 | AC101: =AB101*90% -> -0.67980129 | AD101: =AC101*90% -> -0.61182116 | AE101: =AD101*90% -> -0.55063904 | AF101: =ROUND(B101,0) -> 717
D102: Valg 1, 2 eller flere | E102: =IF(Data!$E$4=0,0,IF(Data!$E$4=1,E98,IF(Data!$E$4=2,E101,E101))) -> 2070.2849 | G102: ='DS-tal-valgte'!D75 -> 2373 | H102: =$H$14 -> Forbrugsenheder aktuelt: | I102: =$I$14 -> I alt efter forbrugsenheder:
D103: Kroner pr. forbrugsenhed | E103: =E102/$AJ$11 -> 1150.1583 | G103: =G102/$M$4 -> 1582 | H103: =$AJ$11 -> 1.8 | I103: =H103*G103 -> 2847.6
D104: Test: Endeligt forbrug pr. måned: | E104: =E102/12 -> 172.52374
H106: Tal der styrer: | I106: Juster efter disse: | J106: Forbrugsenheder pr. barn: | L106: Antal børn --> | M106: 0 | N106: =M106+1 -> 1 | O106: =N106+1 -> 2 | P106: =O106+1 -> 3 | Q106: =P106+1 -> 4 | R106: =Q106+1 -> 5 | S106: =R106+1 -> 6 | T106: =S106+1 -> 7 | U106: =T106+1 -> 8 | V106: Forbrugsenhed: | W106: Vækst år til år --> | X106: 0-1 | Y106: 1-2 | Z106: 2-3 | AA106: 3-4 | AB106: 4-5 | AC106: 5-6 | AD106: 6-7 | AE106: 7-8 | AF106: =ROUND(H109,0) -> 2600
A107: Telefon/mobil | C107: =$C$8 -> 2018 ok | G107: Alle | H107: Enlig uden børn: | I107: Enlig med børn: | J107: Enlig uden børn: | K107: Enlig med børn: | L107: % op --> | M107: 0 | N107: =X107 -> 42.1 | O107: =Y107 -> 29.6 | P107: =Z107 -> 20.6 | Q107: =AA107 -> 11.9 | R107: =AB107 -> 9.6 | S107: =AC107 -> 7.9 | T107: =AD107 -> 6.6 | U107: =AE107 -> 5.6 | V107: =K107 -> Enlig med børn: | W107: % op --> | X107: =ROUND(X109*100/M109,1) -> 42.1 | Y107: =ROUND(Y109*100/N109,1) -> 29.6 | Z107: =ROUND(Z109*100/O109,1) -> 20.6 | AA107: =ROUND(AA109*100/P109,1) -> 11.9 | AB107: =ROUND(AB109*100/Q109,1) -> 9.6 | AC107: =ROUND(AC109*100/R109,1) -> 7.9 | AD107: =ROUND(AD109*100/S109,1) -> 6.6 | AE107: =ROUND(AE109*100/T109,1) -> 5.6 | AF107: =M107&"; "&N107&"; "&O107&"; "&P107&"; "&Q107&"; "&R107&"; "&S107&"; "&T107&"; "&U107 -> 0; 42,1; 29,6; 20,6; 11,9; 9,6; 7,9; 6,6; 5,6
A108: =$A$9 -> Forbrugsenheder | G108: =A108 -> Forbrugsenheder | H108: 0.96443993 | I108: 1.7764341
C109: Én | D109: 1. Telefoni | E109: =IF(Data!$E$4=1,F109,IF(Data!$E$4=2,0,0)) -> 0 | F109: =IF(Data!$E$5=0,M109,IF(Data!$E$5=1,N109,IF(Data!$E$5=2,O109,IF(Data!$E$5=3,P109,IF(Data!$E$5=4,Q109,IF(Data!$E$5=5,R109,IF(Data!$E$5=6,S109,IF(Data!$E$5=7,T109,U109)))))))) -> 3694.7848 | H109: =G114*H108 -> 2600.1301 | I109: =G114*I108 -> 4789.2663 | J109: =H109*$C$4/$K$2 -> 780.03902 | K109: =I109*$C$4/$M$2 -> 957.85326 | L109: kr. pr. år --> | M109: =H109 -> 2600.1301 | N109: =M109+M109*N107% -> 3694.7848 | O109: =N109+N109*O107% -> 4788.4411 | P109: =O109+O109*P107% -> 5774.86 | Q109: =P109+P109*Q107% -> 6462.0683 | R109: =Q109+Q109*R107% -> 7082.4269 | S109: =R109+R109*S107% -> 7641.9386 | T109: =S109+S109*T107% -> 8146.3066 | U109: =T109+T109*U107% -> 8602.4997 | V109: =K109 -> 957.85326 | W109: Kroner op --> | X109: =(I109-H109)/2 -> 1094.5681 | Y109: =I109-(H109+X109) -> 1094.5681 | Z109: =Y109*90% -> 985.1113 | AA109: =Z109*70% -> 689.57791 | AB109: =AA109*90% -> 620.62012 | AC109: =AB109*90% -> 558.55811 | AD109: =AC109*90% -> 502.7023 | AE109: =AD109*90% -> 452.43207 | AF109: =ROUND(H112,0) -> 4592
...

Sheet Skatteprocenter
E1: Kommune | F1: Kirke | G1: I alt | H1: Grundskyld | M1: Kommune | N1: Kirke | O1: I alt | P1: Grundskyld
E2: 2020 | F2: 2020 | G2: 2020 | H2: 2020 | K2: id-nr. | M2: 2020 | N2: 2020 | O2: 2020 | P2: 2020
B3: 1 | C3: 165 | D3: Albertslund | E3: 25.6 | F3: 0.8 | G3: =E3+F3 -> 26.4 | H3: 33.94 | K3: 101 | L3: København | M3: 23.8 | N3: 0.8 | O3: =M3+N3 -> 24.6 | P3: 34
B4: 2 | C4: 201 | D4: Allerød | E4: 24.3 | F4: 0.58 | G4: =E4+F4 -> 24.88 | H4: 23.8 | K4: 147 | L4: Frederiksberg | M4: 22.8 | N4: 0.5 | O4: =M4+N4 -> 23.3 | P4: 24.75
B5: 3 | C5: 420 | D5: Assens | E5: 26.1 | F5: 0.95 | G5: =E5+F5 -> 27.05 | H5: 22.12 | K5: 151 | L5: Ballerup | M5: 25.5 | N5: 0.72 | O5: =M5+N5 -> 26.22 | P5: 28.89
B6: 4 | C6: 151 | D6: Ballerup | E6: 25.5 | F6: 0.72 | G6: =E6+F6 -> 26.22 | H6: 28.89 | K6: 153 | L6: Brøndby | M6: 24.3 | N6: 0.8 | O6: =M6+N6 -> 25.1 | P6: 20.5
B7: 5 | C7: 530 | D7: Billund | E7: 24 | F7: 0.89 | G7: =E7+F7 -> 24.89 | H7: 18.48 | K7: 155 | L7: Dragør | M7: 24.8 | N7: 0.61 | O7: =M7+N7 -> 25.41 | P7: 24.47
B8: 6 | C8: 400 | D8: Bornholm | E8: 26.2 | F8: 0.93 | G8: =E8+F8 -> 27.13 | H8: 34 | K8: 157 | L8: Gentofte | M8: 22.8 | N8: 0.39 | O8: =M8+N8 -> 23.19 | P8: 16
B9: 7 | C9: 153 | D9: Brøndby | E9: 24.3 | F9: 0.8 | G9: =E9+F9 -> 25.1 | H9: 20.5 | K9: 159 | L9: Gladsaxe | M9: 23.6 | N9: 0.75 | O9: =M9+N9 -> 24.35 | P9: 23
B10: 8 | C10: 810 | D10: Brønderslev | E10: 26.9 | F10: 1.09 | G10: =E10+F10 -> 27.99 | H10: 31.23 | K10: 161 | L10: Glostrup | M10: 23.6 | N10: 0.8 | O10: =M10+N10 -> 24.4 | P10: 25
B11: 9 | C11: 155 | D11: Dragør | E11: 24.8 | F11: 0.61 | G11: =E11+F11 -> 25.41 | H11: 24.47 | K11: 163 | L11: Herlev | M11: 23.7 | N11: 0.75 | O11: =M11+N11 -> 24.45 | P11: 24.3
B12: 10 | C12: 240 | D12: Egedal | E12: 25.7 | F12: 0.76 | G12: =E12+F12 -> 26.46 | H12: 23.98 | K12: 165 | L12: Albertslund | M12: 25.6 | N12: 0.8 | O12: =M12+N12 -> 26.4 | P12: 33.94
B13: 11 | C13: 561 | D13: Esbjerg | E13: 25.8 | F13: 0.81 | G13: =E13+F13 -> 26.61 | H13: 25.29 | K13: 167 | L13: Hvidovre | M13: 25.5 | N13: 0.72 | O13: =M13+N13 -> 26.22 | P13: 29.7
B14: 12 | C14: 563 | D14: Fanø | E14: 24.9 | F14: 1.14 | G14: =E14+F14 -> 26.04 | H14: 34 | K14: 169 | L14: Høje-Taastrup | M14: 24.6 | N14: 0.8 | O14: =M14+N14 -> 25.4 | P14: 24.4
... B100: 98 | C100: 751 | D100: Aarhus | E100: 24.4 | F100: 0.74 | G100: =E100+F100 -> 25.14 | H100: 24.58 | K100: 860 | L100: Hjørring | M100: 26.1 | N100: 1.19 | O100: =M100+N100 -> 27.29 | P100: 34
D101: Gns. for kommuner | E101: 24.954 | F101: 0.674 | G101: 25.628 | H101: 26.196888 | L101: Gns. for kommuner | M101: 24.954 | N101: 0.674 | O101: 25.628 | P101: 26.196888
D103: =VLOOKUP(Dialog!$M$3,B4:H101,3) -> #N/A | E103: =VLOOKUP(Dialog!M3,B3:H101,4) -> 25.6 | F103: =VLOOKUP(Dialog!M3,B3:H101,5) -> 0.8 | G103: =VLOOKUP(Dialog!M3,B3:H101,6) -> 26.4 | L103: =VLOOKUP(Dialog!$N$3,K3:P101,2) -> Albertslund | M103: =VLOOKUP(Dialog!$N$3,K3:P101,3) -> 25.6 | N103: =VLOOKUP(Dialog!$N$3,K3:P101,4) -> 0.8 | O103: =VLOOKUP(Dialog!$N$3,K3:P101,5) -> 26.4
D105: Skatteprocent | E105: =G103+12.14 -> 38.54 | F105: inkl. bundskat | L105: Skatteprocent | M105: =O103+12.14 -> 38.54 | N105: inkl. bundskat
E106: Pr. måned | F106: Hele året | G106: Hele året | H106: Hele året | I106: Før skat | M106: Pr. måned | N106: Hele året | O106: Hele året | P106: Hele året | Q106: Før skat
E107: efter skat | F107: efter skat | G107: før skat | H107: før AM-bidrag | I107: pr. måned | M107: efter skat | N107: efter skat | O107: før skat | P107: før AM-bidrag | Q107: pr. måned
D108: Person 1 - indtægt før skat | E108: =Input!D13 -> 10000 | F108: =E108*12 -> 120000 | G108: =F108/(1-($E$105/100)) -> 195248.94 | H108: =G108/(1-0.08) -> 212227.11 | I108: =H108/12 -> 17685.593 | L108: Person 1 - indtægt før skat | M108: =Input!D13 -> 10000 | N108: =M108*12 -> 120000 | O108: =N108/(1-($M$105/100)) -> 195248.94 | P108: =O108/(1-0.08) -> 212227.11 | Q108: =P108/12 -> 17685.593
D109: Person 2 - indtægt før skat | E109: =Input!D14 -> 100000 | F109: =E109*12 -> 1200000 | G109: =F109/(1-($E$105/100)) -> 1952489.4 | H109: =G109/(1-0.08) -> 2122271.1 | I109: =H109/12 -> 176855.93 | L109: Person 2 - indtægt før skat | M109: =Input!D14 -> 100000 | N109: =M109*12 -> 1200000 | O109: =N109/(1-($M$105/100)) -> 1952489.4 | P109: =O109/(1-0.08) -> 2122271.1 | Q109: =P109/12 -> 176855.93
D110: Person 3 - indtægt før skat | E110: =Input!D15 -> 0 | F110: =E110*12 -> 0 | G110: =F110/(1-($E$105/100)) -> 0 | H110: =G110/(1-0.08) -> 0 | I110: =H110/12 -> 0 | L110: Person 3 - indtægt før skat | M110: =Input!D15 -> 0 | N110: =M110*12 -> 0 | O110: =N110/(1-($M$105/100)) -> 0 | P110: =O110/(1-0.08) -> 0 | Q110: =P110/12 -> 0
D111: Person 4 - indtægt før skat | E111: =Input!D16 -> 0 | F111: =E111*12 -> 0 | G111: =F111/(1-($E$105/100)) -> 0 | H111: =G111/(1-0.08) -> 0 | I111: =H111/12 -> 0 | L111: Person 4 - indtægt før skat | M111: =Input!D16 -> 0 | N111: =M111*12 -> 0 | O111: =N111/(1-($M$105/100)) -> 0 | P111: =O111/(1-0.08) -> 0 | Q111: =P111/12 -> 0
D112: Person 5 - indtægt før skat | E112: =Input!D17 -> 0 | F112: =E112*12 -> 0 | G112: =F112/(1-($E$105/100)) -> 0 | H112: =G112/(1-0.08) -> 0 | I112: =H112/12 -> 0 | L112: Person 5 - indtægt før skat | M112: =Input!D17 -> 0 | N112: =M112*12 -> 0 | O112: =N112/(1-($M$105/100)) -> 0 | P112: =O112/(1-0.08) -> 0 | Q112: =P112/12 -> 0
D113: Person 6 - indtægt før skat | E113: =Input!D18 -> 0 | F113: =E113*12 -> 0 | G113: =F113/(1-($E$105/100)) -> 0 | H113: =G113/(1-0.08) -> 0 | I113: =H113/12 -> 0 | L113: Person 6 - indtægt før skat | M113: =Input!D18 -> 0 | N113: =M113*12 -> 0 | O113: =N113/(1-($M$105/100)) -> 0 | P113: =O113/(1-0.08) -> 0 | Q113: =P113/12 -> 0

Sheet Data
D1: Nøgletal for hele landet:
D3: Nøgletal fra dialog:
D4: Antal forsørgere: | E4: =Input!D8 -> 2 | F4: Flere end to --> | G4: =E4-2 -> 0
D5: Antal børn i alt: | E5: =Input!D29 -> 1 | F5: =Input!B25 -> 0-2 år | G5: =Input!D25 -> 1 | H5: =Input!B26 -> 3-6 år | I5: =Input!D26 -> 0 | J5: =Input!B27 -> 7-14 år | K5: =Input!D27 -> 0 | L5: =Input!B28 -> 15-17 år | M5: =Input!D28 -> 0
D6: Bolig:
D7: Feriebolig:
D8: Antal biler | E8: =SUM(Input!D40:D43) -> 0
D10: Simple valg
E11: Valgkolonne
E12: Hele året
D13: Diverse udgifter | E13: 2020 | F13: Måned/kvartal/halvårligt/årligt | G13: Evt. moms | H13: Antal | I13: Antal andre enheder
B14: Opdateret 2020 | D14: Sygesikringen Danmark, Gruppe 5 | E14: =(F14+F14*G14/100)*H14 -> 1520 | F14: 380 | G14: 0 | H14: 4 | J14: https://www.sygeforsikring.dk/grupper#tabs-5556
B15: =B14 -> Opdateret 2020 | D15: Falck: vejhjælp start | E15: =(F15+F15*G15/100)*H15 -> 708 | F15: 59 | H15: 12 | J15: https://www.falck.dk/vejhjaelp/produkter/autohjaelp/#productpage-configurator
B16: =B15 -> Opdateret 2020 | D16: FDM (Medlemskab uden autohjælp) | E16: =(F16+F16*G16/100)*H16 -> 660 | F16: 660 | H16: 1 | J16: https://fdm.dk/bliv-medlem?gclid=EAIaIQobChMI7Jzu9vTh2AIV1xbTCh2KWQ9TEAAYAiAAEgIuIvD_BwE
B17: =B16 -> Opdateret 2020 | D17: TV-licens | E17: =F17*H17 -> 1353 | F17: 1353 | H17: 1 | J17: http://www.dr.dk/OmDR/Licens/Fakta%20om%20Licens/Priser_1.htm
B18: =B17 -> Opdateret 2020 | D18: A-kasse | E18: =I99 -> 5914.5 | J18: Se længere nede
B19: =B18 -> Opdateret 2020 | D19: Fagforening | E19: =E99 -> 3625.25 | J19: Se længere nede
B22: Opdateret | C22: 2020
D23: Bil - Grøn ejerafgift - benzindrevne | E23: Af personbiler, der er indregistreret første gang før 1. juli 1997 betales vægt­afgift,
D24: A. Benzindrevne personbiler mv. | E24: Afgift pr. personbil: | F24: http://www.skm.dk/skatteomraadet/talogstatistik/satser_og_beloeb/183.html | I24: <-- Grøn ejerafgift benzinbiler --> | M24: http://www.grønafgift.dk/groen-ejerafgift-personbiler/
E25: halvt år | F25: Helt år | G25: Pr. måned | I25: Bil | J25: Km/liter | K25: Pr. år | L25: Pr. måned
C26: 1 | D26: Vælg:
C27: =C26+1 -> 2 | D27: > 20 | E27: 330 | F27: =E27*2 -> 660 | G27: =F27/12 -> 55 | H27: Lille | J27: =D27 -> > 20 | K27: =F27 -> 660 | L27: =K27/12 -> 55 | M27: Lille
C28: =C27+1 -> 3 | D28: 20 - 18,2 | E28: 640 | F28: =E28*2 -> 1280 | G28: =F28/12 -> 106.66667 | J28: =D32 -> 14,3 - 13,3 | K28: =F32 -> 3740 | L28: =K28/12 -> 311.66667 | M28: Mellem
C29: =C28+1 -> 4 | D29: 18,2 - 16,7 | E29: 940 | F29: =E29*2 -> 1880 | G29: =F29/12 -> 156.66667 | J29: =D37 -> 10,5 - 10,0 | K29: =F37 -> 6820 | L29: =K29/12 -> 568.33333 | M29: Stor
C30: =C29+1 -> 5 | D30: 16,7 - 15,4 | E30: 1260 | F30: =E30*2 -> 2520 | G30: =F30/12 -> 210 | J30: =D43 -> 6,7 - 6,3 | K30: =F43 -> 14220 | L30: =K30/12 -> 1185 | M30: Meget stor
C31: =C30+1 -> 6 | D31: 15,4 - 14,3 | E31: 1570 | F31: =E31*2 -> 3140 | G31: =F31/12 -> 261.66667 | H31: Mellem
C32: =C31+1 -> 7 | D32: 14,3 - 13,3 | E32: 1870 | F32: =E32*2 -> 3740 | G32: =F32/12 -> 311.66667 | I32: Beregningsmodel for grøn ejerafgift:
C33: =C32+1 -> 8 | D33: 13,3 - 12,5 | E33: 2180 | F33: =E33*2 -> 4360 | G33: =F33/12 -> 363.33333 | I33: Benzin-biler: | J33: Kroner pr. år | K33: Valgt antal
C34: =C33+1 -> 9 | D34: 12,5 - 11,8 | E34: 2480 | F34: =E34*2 -> 4960 | G34: =F34/12 -> 413.33333 | I34: Lille | J34: =K27 -> 660 | K34: =Dialog!F19 -> 0
C35: =C34+1 -> 10 | D35: 11,8 - 11,1 | E35: 2790 | F35: =E35*2 -> 5580 | G35: =F35/12 -> 465 | I35: Mellem | J35: 3140 | K35: =Dialog!F20 -> 0
C36: =C35+1 -> 11 | D36: 11,1 - 10,5 | E36: 3100 | F36: =E36*2 -> 6200 | G36: =F36/12 -> 516.66667 | I36: Stor | J36: =K29 -> 6820 | K36: =Dialog!F21 -> 0
C37: =C36+1 -> 12 | D37: 10,5 - 10,0 | E37: 3410 | F37: =E37*2 -> 6820 | G37: =F37/12 -> 568.33333 | H37: Stor | I37: Meget stor | J37: =K30 -> 14220 | K37: =Dialog!F22 -> 0
C38: =C37+1 -> 13 | D38: 10,0 - 9,1 | E38: 4010 | F38: =E38*2 -> 8020 | G38: =F38/12 -> 668.33333
C39: =C38+1 -> 14 | D39: 9,1 - 8,3 | E39: 4650 | F39: =E39*2 -> 9300 | G39: =F39/12 -> 775 | I39: Grøn ejerafgift | J39: =J34*K34+J35*K35+J36*K36+J37*K37 -> 0
C40: =C39+1 -> 15 | D40: 8,3 - 7,7 | E40: 5260 | F40: =E40*2 -> 10520 | G40: =F40/12 -> 876.66667
C41: =C40+1 -> 16 | D41: 7,7 - 7,1 | E41: 5870 | F41: =E41*2 -> 11740 | G41: =F41/12 -> 978.33333 | I41: Antal biler i alt | K41: =SUM(K34:K37) -> 0
C42: =C41+1 -> 17 | D42: 7,1 - 6,7 | E42: 6480 | F42: =E42*2 -> 12960 | G42: =F42/12 -> 1080
C43: =C42+1 -> 18 | D43: 6,7 - 6,3 | E43: 7110 | F43: =E43*2 -> 14220 | G43: =F43/12 -> 1185 | H43: Meget stor | I43: Forsikring for bil 1, bil og bil 3 - Dialog og Kommunedata
C44: =C43+1 -> 19 | D44: 6,3 - 5,9 | E44: 7720 | F44: =E44*2 -> 15440 | G44: =F44/12 -> 1286.6667 | I44: Bil 1: | J44: =Dialog!H27 -> 0
C45: =C44+1 -> 20 | D45: 5,9 - 5,6 | E45: 8330 | F45: =E45*2 -> 16660 | G45: =F45/12 -> 1388.3333 | I45: Bil 2: | J45: =Dialog!J27 -> 0
C46: =C45+1 -> 21 | D46: 5,6 - 5,3 | E46: 8970 | F46: =E46*2 -> 17940 | G46: =F46/12 -> 1495 | I46: Bil 3: | J46: =Dialog!L27 -> 0
C47: =C46+1 -> 22 | D47: 5,3 - 5,0 | E47: 9580 | F47: =E47*2 -> 19160 | G47: =F47/12 -> 1596.6667 | I47: I alt for alle: | J47: =SUM(J44:J46) -> 0
C48: =C47+1 -> 23 | D48: 5,0 - 4,8 | E48: 10190 | F48: =E48*2 -> 20380 | G48: =F48/12 -> 1698.3333
C49: =C48+1 -> 24 | D49: 4,8 - 4,5 | E49: 10800 | F49: =E49*2 -> 21600 | G49: =F49/12 -> 1800
C50: =C49+1 -> 25 | D50: < 4,5 | E50: 11430 | F50: =E50*2 -> 22860 | G50: =F50/12 -> 1905
C51: 25 | D51: Nummer valgt
B53: Ikke indregnet | D53: Bil - ejerafgift - diesel | E53: Af personbiler, der er indregistreret første gang før 1. juli 1997 betales vægt­afgift,
D54: A. Dieseldrevne personbiler mv. | E54: Afgift pr. personbil: | F54: http://www.skm.dk/tal_statistik/satser_og_beloeb/183.html
E55: halvt år | F55: helt år
D56: > 32,1 | F56: =E56*2 -> 0
D57: 28,1 - 32,1 | F57: =E57*2 -> 0
D58: 25,0 - 28,1 | F58: =E58*2 -> 0
D59: 22,5 - 25,0 | F59: =E59*2 -> 0
D60: 20,5 - 22,5 | F60: =E60*2 -> 0
D61: 18,8 - 20,5 | F61: =E61*2 -> 0
D62: 17,3 - 18,8 | F62: =E62*2 -> 0
D63: 16,1 - 17,3 | F63: =E63*2 -> 0
D64: 15,0 - 16,1 | F64: =E64*2 -> 0
D65: 14,1 - 15,0 | F65: =E65*2 -> 0
D66: 13,2 - 14,1 | F66: =E66*2 -> 0
D67: 12,5 - 13,2 | F67: =E67*2 -> 0
... D82: < 5,1 | F82: =E82*2 -> 0
D83: Fra den 1. april 2010 opkræves endvidere et tillæg på 1.000 kr. årligt for alle dieseldrevne personbiler uden godkendt partikelfilter. Det samme gælder for dieseldrevne varebiler med en tilladt totalvægt på ikke over 3.500 kg., der er registreret første gang den 18. marts 2009 eller senere.
D85: Vægtafgift motorcykler | E85: halvt år | F85: helt år
C86: 2016 | D86: Vægtafgift motorcykel | F86: 690 | G86: http://www.fdm.dk/biler/biloekonomi/vaegtafgift-2016
D89: Fagforeninger 2018 | E89: pr. år | F89: pr. måned/kvartal | H89: A-kasse 2017 | I89: pr. år | J89: pr. måned/kvartal
C90: ok | D90: Djøf | E90: =F90*4 -> 3580 | F90: 895 | G90: kvartal | H90: Akademikernes A-kasse (AAK) | I90: =J90*12 -> 5328 | J90: 444
C91: ok | D91: Lederne | E91: =F91*12 -> 2340 | F91: 195 | G91: måned | H91: =D91 -> Lederne | I91: =J91*12 -> 5628 | J91: 469
C92: ok | D92: Dansk Journalistforbund | E92: =F92*12 -> 5520 | F92: =390+70 -> 460 | G92: måned | H92: =D92 -> Dansk Journalistforbund | I92: =J92*12 -> 5508 | J92: 459
C93: ok | D93: Det Faglige Hus | E93: =F93*12 -> 828 | F93: 69 | G93: måned | H93: =D93 -> Det Faglige Hus | I93: =J93*12 -> 5748 | J93: 479
C94: ok | D94: Dansk Metal, Hovedstaden | E94: =F94*12 -> 4386 | F94: 365.5 | G94: måned | H94: =D94 -> Dansk Metal, Hovedstaden | I94: =J94*12 -> 6156 | J94: 513
C95: ok | D95: 3F Fagligt Fælles Forbund | E95: =F95*12 -> 5568 | F95: 464 | G95: måned | H95: =D95 -> 3F Fagligt Fælles Forbund | I95: =J95*12 -> 6156 | J95: 513
C96: ok | D96: HK Kommunal | E96: =F96*12 -> 5304 | F96: 442 | G96: måned | H96: =D96 -> HK Kommunal | I96: =J96*12 -> 6888 | J96: =495+79 -> 574
C97: ok | D97: Kristelig Fagforening (krifa Basis) | E97: =F97*12 -> 1476 | F97: =615-J97 -> 123 | G97: måned | H97: =D97 -> Kristelig Fagforening (krifa Basis) | I97: =J97*12 -> 5904 | J97: =492 -> 492
D99: Gennemsnit | E99: =SUM(E90:E97)/8 -> 3625.25 | I99: =SUM(I90:I97)/8 -> 5914.5
D101: Andre links - fagforeninger
D102: LO's forbund | E102: http://www.lo.dk/kontakt/LOsmedlemmer/Forbund.aspx

Sheet DS-tal-valgte
A1: Valgte | D1: Gennemsnit - D | E1: Enlige uden børn - F | F1: Enlig med børn - H | G1: 2 voksne uden børn - J | H1: 2 voksne med børn - L
A2: familie | C2: ='DS-tal-alle'!C16 -> FORBRUG I ALT | D2: ='DS-tal-alle'!D16 -> 300480.3 | E2: ='DS-tal-alle'!F16 -> 183861.1 | F2: ='DS-tal-alle'!G16 -> 246764.4 | G2: ='DS-tal-alle'!H16 -> 330719.8 | H2: ='DS-tal-alle'!I16 -> 417210.8 | I2: Eget hus | J2: Lejet hus | K2: Ejerlejlighed | L2: Lejet lejlighed | M2: Andelsbolig
A3: =Budget!$L$16 -> 4 | B3: Dagligvarer og husholdning | D3: =D13 -> 54352 | E3: =E13 -> 27546.9 | F3: =F13 -> 46426.6 | G3: =G13 -> 52206.7 | H3: =H13 -> 88783.9
C4: ='DS-tal-alle'!C17 -> 01 FØDEVARER OG IKKE-ALKOHOLISKE DRIKKEVARER | D4: ='DS-tal-alle'!D17 -> 38606 | E4: ='DS-tal-alle'!F17 -> 20252.9 | F4: ='DS-tal-alle'!G17 -> 34015.5 | G4: ='DS-tal-alle'!H17 -> 39231 | H4: ='DS-tal-alle'!I17 -> 55719.1
C5: ='DS-tal-alle'!C79 -> 02 ALKOHOLISKE DRIKKEVARER OG TOBAK | D5: ='DS-tal-alle'!D79 -> 6705 | E5: ='DS-tal-alle'!F79 -> 4723.2 | F5: ='DS-tal-alle'!G79 -> 5018.4 | G5: ='DS-tal-alle'!H79 -> 8032.3 | H5: ='DS-tal-alle'!I79 -> 7011.1
C6: ='DS-tal-alle'!C165 -> 05.6.1.1 Rengøringsartikler | D6: ='DS-tal-alle'!D165 -> 779 | E6: ='DS-tal-alle'!F165 -> 382.3 | F6: ='DS-tal-alle'!G165 -> 609.4 | G6: ='DS-tal-alle'!H165 -> 871.1 | H6: ='DS-tal-alle'!I165 -> 1220.7
C7: ='DS-tal-alle'!C166 -> 05.6.1.2 Andre ikke-varige små husholdningsartikler | D7: ='DS-tal-alle'!D166 -> 1089 | E7: ='DS-tal-alle'!F166 -> 607.4 | F7: ='DS-tal-alle'!G166 -> 1167.3 | G7: ='DS-tal-alle'!H166 -> 1406.7 | H7: ='DS-tal-alle'!I166 -> 1703.6
C8: ='DS-tal-alle'!C169 -> 05.6.2.9 Rengøring og vinduespudsning | D8: ='DS-tal-alle'!D169 -> 805 | E8: ='DS-tal-alle'!F169 -> 142.6 | F8: ='DS-tal-alle'!G169 -> 398.2 | G8: ='DS-tal-alle'!H169 -> 401.4 | H8: ='DS-tal-alle'!I169 -> 1178.6
C9: ='DS-tal-alle'!C282 -> 12.1.1.1 Frisør til mænd og børn | D9: ='DS-tal-alle'!D282 -> 506 | E9: ='DS-tal-alle'!F282 -> 377.9 | F9: ='DS-tal-alle'!G282 -> 266.5 | G9: ='DS-tal-alle'!H282 -> 543.6 | H9: ='DS-tal-alle'!I282 -> 689.2
C10: ='DS-tal-alle'!C283 -> 12.1.1.2 Frisør til kvinder | D10: ='DS-tal-alle'!D283 -> 1516 | E10: ='DS-tal-alle'!F283 -> 940.1 | F10: ='DS-tal-alle'!G283 -> 349.3 | G10: ='DS-tal-alle'!H283 -> 1300.1 | H10: ='DS-tal-alle'!I283 -> 1568.1
C11: ='DS-tal-alle'!C284 -> 12.1.1.3 Personlige plejebehandlinger | D11: ='DS-tal-alle'!D284 -> 806 | E11: ='DS-tal-alle'!F284 -> 120.5 | F11: ='DS-tal-alle'!G284 -> 809.7 | G11: ='DS-tal-alle'!H284 -> 420.5 | H11: ='DS-tal-alle'!I284 -> 545.9
C12: ='DS-tal-alle'!C297 -> 12.4.0.1 Børnepasning | D12: ='DS-tal-alle'!D297 -> 3540 | E12: ='DS-tal-alle'!F297 -> 0 | F12: ='DS-tal-alle'!G297 -> 3792.3 | G12: ='DS-tal-alle'!H297 -> 0 | H12: ='DS-tal-alle'!I297 -> 19147.6
C13: I alt | D13: =SUM(D4:D12) -> 54352 | E13: =SUM(E4:E12) -> 27546.9 | F13: =SUM(F4:F12) -> 46426.6 | G13: =SUM(G4:G12) -> 52206.7 | H13: =SUM(H4:H12) -> 88783.9
B15: Tøj og sko | D15: =D22 -> 14040 | E15: =E22 -> 7442 | F15: =F22 -> 10405 | G15: =G22 -> 18031.9 | H15: =H22 -> 20342
C16: ='DS-tal-alle'!C94 -> 03 BEKLÆDNING OG FODTØJ | D16: ='DS-tal-alle'!D94 -> 12115 | E16: ='DS-tal-alle'!F94 -> 6691.3 | F16: ='DS-tal-alle'!G94 -> 9371.5 | G16: ='DS-tal-alle'!H94 -> 15252 | H16: ='DS-tal-alle'!I94 -> 18301.2
C17: ='DS-tal-alle'!C290 -> 12.3.1.1 Smykker | D17: ='DS-tal-alle'!D290 -> 497 | E17: ='DS-tal-alle'!F290 -> 334.7 | F17: ='DS-tal-alle'!G290 -> 157.3 | G17: ='DS-tal-alle'!H290 -> 355.6 | H17: ='DS-tal-alle'!I290 -> 842.5
C18: ='DS-tal-alle'!C291 -> 12.3.1.2 Ure | D18: ='DS-tal-alle'!D291 -> 666 | E18: ='DS-tal-alle'!F291 -> 134.3 | F18: ='DS-tal-alle'!G291 -> 125.9 | G18: ='DS-tal-alle'!H291 -> 766.2 | H18: ='DS-tal-alle'!I291 -> 342.6
C19: ='DS-tal-alle'!C292 -> 12.3.1.3 Reparation af smykker og ure | D19: ='DS-tal-alle'!D292 -> 3 | E19: ='DS-tal-alle'!F292 -> 125.1 | F19: ='DS-tal-alle'!G292 -> 0 | G19: ='DS-tal-alle'!H292 -> 52.2 | H19: ='DS-tal-alle'!I292 -> 8.4
C20: ='DS-tal-alle'!C293 -> 12.3.2.1 Tasker, rygsække o.l. | D20: ='DS-tal-alle'!D293 -> 582 | E20: ='DS-tal-alle'!F293 -> 156.2 | F20: ='DS-tal-alle'!G293 -> 481.4 | G20: ='DS-tal-alle'!H293 -> 447.9 | H20: ='DS-tal-alle'!I293 -> 726.3
C21: ='DS-tal-alle'!C294 -> 12.3.2.2 Artikler til babyer | D21: ='DS-tal-alle'!D294 -> 177 | E21: ='DS-tal-alle'!F294 -> 0.4 | F21: ='DS-tal-alle'!G294 -> 268.9 | G21: ='DS-tal-alle'!H294 -> 1158 | H21: ='DS-tal-alle'!I294 -> 121
C22: I alt | D22: =SUM(D16:D21) -> 14040 | E22: =SUM(E16:E21) -> 7442 | F22: =SUM(F16:F21) -> 10405 | G22: =SUM(G16:G21) -> 18031.9 | H22: =SUM(H16:H21) -> 20342
B24: Boligudstyr og indretning | D24: =D29 -> 12960 | E24: =E29 -> 7770.1 | F24: =F29 -> 9248.7 | G24: =G29 -> 17028.3 | H24: =H29 -> 21340.3
C25: ='DS-tal-alle'!C131 -> 05 MØBLER, HUSHOLDNINGSUDSTYR OG HUSHOLDNINGSTJENESTER | D25: ='DS-tal-alle'!D131 -> 15633 | E25: ='DS-tal-alle'!F131 -> 8902.4 | F25: ='DS-tal-alle'!G131 -> 11423.6 | G25: ='DS-tal-alle'!H131 -> 19707.5 | H25: ='DS-tal-alle'!I131 -> 25443.2
C26: ='DS-tal-alle'!C165 -> 05.6.1.1 Rengøringsartikler | D26: =-'DS-tal-alle'!D165 -> -779 | E26: =-'DS-tal-alle'!F165 -> -382.3 | F26: =-'DS-tal-alle'!G165 -> -609.4 | G26: =-'DS-tal-alle'!H165 -> -871.1 | H26: =-'DS-tal-alle'!I165 -> -1220.7
C27: ='DS-tal-alle'!C166 -> 05.6.1.2 Andre ikke-varige små husholdningsartikler | D27: =-'DS-tal-alle'!D166 -> -1089 | E27: =-'DS-tal-alle'!F166 -> -607.4 | F27: =-'DS-tal-alle'!G166 -> -1167.3 | G27: =-'DS-tal-alle'!H166 -> -1406.7 | H27: =-'DS-tal-alle'!I166 -> -1703.6
C28: ='DS-tal-alle'!C169 -> 05.6.2.9 Rengøring og vinduespudsning | D28: =-'DS-tal-alle'!D169 -> -805 | E28: =-'DS-tal-alle'!F169 -> -142.6 | F28: =-'DS-tal-alle'!G169 -> -398.2 | G28: =-'DS-tal-alle'!H169 -> -401.4 | H28: =-'DS-tal-alle'!I169 -> -1178.6
C29: I alt | D29: =SUM(D25:D28) -> 12960 | E29: =SUM(E25:E28) -> 7770.1 | F29: =SUM(F25:F28) -> 9248.7 | G29: =SUM(G25:G28) -> 17028.3 | H29: =SUM(H25:H28) -> 21340.3
B31: Medicin og øvrige lægeudgifter | D31: =D34 -> 5234 | E31: =E34 -> 2214.5 | F31: =F34 -> 2434.7 | G31: =G34 -> 5278.1 | H31: =H34 -> 4424.1
C32: ='DS-tal-alle'!C170 -> 06 SUNDHED | D32: ='DS-tal-alle'!D170 -> 8073 | E32: ='DS-tal-alle'!F170 -> 3543.7 | F32: ='DS-tal-alle'!G170 -> 4333.4 | G32: ='DS-tal-alle'!H170 -> 8316.3 | H32: ='DS-tal-alle'!I170 -> 6607
C33: ='DS-tal-alle'!C180 -> 06.2.2.0 Tandlæge | D33: =-'DS-tal-alle'!D180 -> -2839 | E33: =-'DS-tal-alle'!F180 -> -1329.2 | F33: =-'DS-tal-alle'!G180 -> -1898.7 | G33: =-'DS-tal-alle'!H180 -> -3038.2 | H33: =-'DS-tal-alle'!I180 -> -2182.9
C34: I alt | D34: =SUM(D32:D33) -> 5234 | E34: =SUM(E32:E33) -> 2214.5 | F34: =SUM(F32:F33) -> 2434.7 | G34: =SUM(G32:G33) -> 5278.1 | H34: =SUM(H32:H33) -> 4424.1
B36: Tandlæge | D36: =D38 -> 2839 | E36: =E38 -> 1329.2 | F36: =F38 -> 1898.7 | G36: =G38 -> 3038.2 | H36: =H38 -> 2182.9
C37: ='DS-tal-alle'!C180 -> 06.2.2.0 Tandlæge | D37: ='DS-tal-alle'!D180 -> 2839 | E37: ='DS-tal-alle'!F180 -> 1329.2 | F37: ='DS-tal-alle'!G180 -> 1898.7 | G37: ='DS-tal-alle'!H180 -> 3038.2 | H37: ='DS-tal-alle'!I180 -> 2182.9
C38: I alt | D38: =SUM(D37) -> 2839 | E38: =SUM(E37) -> 1329.2 | F38: =SUM(F37) -> 1898.7 | G38: =SUM(G37) -> 3038.2 | H38: =SUM(H37) -> 2182.9
B40: Ferie, fritid og underholdning | D40: =D54 -> 44710 | E40: =E54 -> 24416.1 | F40: =F54 -> 30892.5 | G40: =G54 -> 49283.5 | H40: =H54 -> 49797.5
C41: ='DS-tal-alle'!C219 -> 09 FRITID OG KULTUR | D41: ='DS-tal-alle'!D219 -> 31279 | E41: ='DS-tal-alle'!F219 -> 16387.1 | F41: ='DS-tal-alle'!G219 -> 21078.3 | G41: ='DS-tal-alle'!H219 -> 34003.3 | H41: ='DS-tal-alle'!I219 -> 35426.7
C42: ='DS-tal-alle'!C253 -> 09.4.2.3 Tv og radiolicens, abonnementer | D42: ='DS-tal-alle'!D253 -> 5269 | E42: ='DS-tal-alle'!F253 -> 4251.5 | F42: ='DS-tal-alle'!G253 -> 4852.8 | G42: ='DS-tal-alle'!H253 -> 5999.4 | H42: ='DS-tal-alle'!I253 -> 6541.6
C43: ='DS-tal-alle'!C258 -> 09.5.1.1 Skønlitteratur | D43: =-'DS-tal-alle'!D258 -> -351 | E43: =-'DS-tal-alle'!F258 -> -233.3 | F43: =-'DS-tal-alle'!G258 -> -120.9 | G43: =-'DS-tal-alle'!H258 -> -617.1 | H43: =-'DS-tal-alle'!I258 -> -637.2
C44: ='DS-tal-alle'!C259 -> 09.5.1.2 Fag-, studiebøger | D44: =-'DS-tal-alle'!D259 -> -238 | E44: =-'DS-tal-alle'!F259 -> -278 | F44: =-'DS-tal-alle'!G259 -> -402.1 | G44: =-'DS-tal-alle'!H259 -> -305.3 | H44: =-'DS-tal-alle'!I259 -> -355.3
C45: ='DS-tal-alle'!C260 -> 09.5.1.3 Andre fagbøger | D45: =-'DS-tal-alle'!D260 -> -154 | E45: =-'DS-tal-alle'!F260 -> -107.6 | F45: =-'DS-tal-alle'!G260 -> -46.5 | G45: =-'DS-tal-alle'!H260 -> -142.7 | H45: =-'DS-tal-alle'!I260 -> -99.7
C46: ='DS-tal-alle'!C261 -> 09.5.1.4 E-bøger mv. | D46: =-'DS-tal-alle'!D261 -> -7 | E46: =-'DS-tal-alle'!F261 -> -20.2 | F46: =-'DS-tal-alle'!G261 -> 0 | G46: =-'DS-tal-alle'!H261 -> 0 | H46: =-'DS-tal-alle'!I261 -> -8.7
C47: ='DS-tal-alle'!C262 -> 09.5.2.1 Aviser | D47: =-'DS-tal-alle'!D262 -> -955 | E47: =-'DS-tal-alle'!F262 -> -224.9 | F47: =-'DS-tal-alle'!G262 -> -162.5 | G47: =-'DS-tal-alle'!H262 -> -555.6 | H47: =-'DS-tal-alle'!I262 -> -472.2
C48: ='DS-tal-alle'!C263 -> 09.5.2.2 Magasiner og tidsskrifter | D48: =-'DS-tal-alle'!D263 -> -431 | E48: =-'DS-tal-alle'!F263 -> -146.4 | F48: =-'DS-tal-alle'!G263 -> -229.2 | G48: =-'DS-tal-alle'!H263 -> -336.2 | H48: =-'DS-tal-alle'!I263 -> -320.1
C49: ='DS-tal-alle'!C264 -> 09.5.3.0 Diverse tryksager | D49: =-'DS-tal-alle'!D264 -> -123 | E49: =-'DS-tal-alle'!F264 -> -66.9 | F49: =-'DS-tal-alle'!G264 -> -65.8 | G49: =-'DS-tal-alle'!H264 -> -238.4 | H49: =-'DS-tal-alle'!I264 -> -202.3
C50: ='DS-tal-alle'!C265 -> 09.5.4.1 Produkter af papir | D50: =-'DS-tal-alle'!D265 -> -114 | E50: =-'DS-tal-alle'!F265 -> -87.7 | F50: =-'DS-tal-alle'!G265 -> -271.5 | G50: =-'DS-tal-alle'!H265 -> -118.1 | H50: =-'DS-tal-alle'!I265 -> -150.5
C51: ='DS-tal-alle'!C267 -> 09.6.0.1 Pakkerejser, indenrigs | D51: ='DS-tal-alle'!D267 -> 89 | E51: ='DS-tal-alle'!F267 -> 0 | F51: ='DS-tal-alle'!G267 -> 83.5 | G51: ='DS-tal-alle'!H267 -> 90.4 | H51: ='DS-tal-alle'!I267 -> 22.6
C52: ='DS-tal-alle'!C268 -> 09.6.0.2 Pakkerejser, udenrigs | D52: ='DS-tal-alle'!D268 -> 6735 | E52: ='DS-tal-alle'!F268 -> 1664.5 | F52: ='DS-tal-alle'!G268 -> 4140.8 | G52: ='DS-tal-alle'!H268 -> 7038.8 | H52: ='DS-tal-alle'!I268 -> 4846.6
C53: ='DS-tal-alle'!C276 -> 11.1.1.2 Fastfood, takeaway | D53: ='DS-tal-alle'!D276 -> 3711 | E53: ='DS-tal-alle'!F276 -> 3278 | F53: ='DS-tal-alle'!G276 -> 2035.6 | G53: ='DS-tal-alle'!H276 -> 4465 | H53: ='DS-tal-alle'!I276 -> 5206
C54: I alt | D54: =SUM(D41:D53) -> 44710 | E54: =SUM(E41:E53) -> 24416.1 | F54: =SUM(F41:F53) -> 30892.5 | G54: =SUM(G41:G53) -> 49283.5 | H54: =SUM(H41:H53) -> 49797.5
B56: Vedligeholdelse | D56: =D64 -> 1833 | E56: =E64 -> 641 | F56: =F64 -> 381 | G56: =G64 -> 2014.6 | H56: =H64 -> 2272.2
C57: ='DS-tal-alle'!C112 -> 04.3.1.0 Materialer til vedligeholdelse og reparation af bolig | D57: ='DS-tal-alle'!D112 -> 1534 | E57: ='DS-tal-alle'!F112 -> 641 | F57: ='DS-tal-alle'!G112 -> 381 | G57: ='DS-tal-alle'!H112 -> 2014.6 | H57: ='DS-tal-alle'!I112 -> 2272.2
C58: ='DS-tal-alle'!C113 -> 04.3.2.1 Tjenesteydelser, blikkenslagere | D58: ='DS-tal-alle'!D113 -> 232 | E58: ='DS-tal-alle'!F113 -> 0 | F58: ='DS-tal-alle'!G113 -> 0 | G58: ='DS-tal-alle'!H113 -> 0 | H58: ='DS-tal-alle'!I113 -> 0
C59: ='DS-tal-alle'!C114 -> 04.3.2.2 Tjenesteydelser, elektrikere | D59: ='DS-tal-alle'!D114 -> 67 | E59: ='DS-tal-alle'!F114 -> 0 | F59: ='DS-tal-alle'!G114 -> 0 | G59: ='DS-tal-alle'!H114 -> 0 | H59: ='DS-tal-alle'!I114 -> 0
C60: ='DS-tal-alle'!C115 -> 04.3.2.3 Vedligeholdelse af varmeanlæg | D60: ='DS-tal-alle'!D115 -> 224 | E60: ='DS-tal-alle'!F115 -> 31.7 | F60: ='DS-tal-alle'!G115 -> 83 | G60: ='DS-tal-alle'!H115 -> 138.3 | H60: ='DS-tal-alle'!I115 -> 358.7
C61: ='DS-tal-alle'!C116 -> 04.3.2.4 Tjenesteydelser, malere | D61: ='DS-tal-alle'!D116 -> 343 | E61: ='DS-tal-alle'!F116 -> 0 | F61: ='DS-tal-alle'!G116 -> 0 | G61: ='DS-tal-alle'!H116 -> 0 | H61: ='DS-tal-alle'!I116 -> 0
C62: ='DS-tal-alle'!C117 -> 04.3.2.5 Tjenesteydelser, tømrere og snedkere | D62: ='DS-tal-alle'!D117 -> 317 | E62: ='DS-tal-alle'!F117 -> 98.1 | F62: ='DS-tal-alle'!G117 -> 11.3 | G62: ='DS-tal-alle'!H117 -> 242.3 | H62: ='DS-tal-alle'!I117 -> 311.3
C63: ='DS-tal-alle'!C118 -> 04.3.2.9 Andre tjenester til vedligeholde og reparation af bolig | D63: ='DS-tal-alle'!D118 -> 535 | E63: ='DS-tal-alle'!F118 -> 682.6 | F63: ='DS-tal-alle'!G118 -> 128.2 | G63: ='DS-tal-alle'!H118 -> 2104 | H63: ='DS-tal-alle'!I118 -> 2570.6
C64: I alt | D64: =SUM(D57:D59) -> 1833 | E64: =SUM(E57:E59) -> 641 | F64: =SUM(F57:F59) -> 381 | G64: =SUM(G57:G59) -> 2014.6 | H64: =SUM(H57:H59) -> 2272.2
B66: Aviser, blade og bøger | D66: =D75 -> 2373 | E66: =E75 -> 1165 | F66: =F75 -> 1298.5 | G66: =G75 -> 2313.4 | H66: =H75 -> 2246
C67: ='DS-tal-alle'!C258 -> 09.5.1.1 Skønlitteratur | D67: ='DS-tal-alle'!D258 -> 351 | E67: ='DS-tal-alle'!F258 -> 233.3 | F67: ='DS-tal-alle'!G258 -> 120.9 | G67: ='DS-tal-alle'!H258 -> 617.1 | H67: ='DS-tal-alle'!I258 -> 637.2
C68: ='DS-tal-alle'!C259 -> 09.5.1.2 Fag-, studiebøger | D68: ='DS-tal-alle'!D259 -> 238 | E68: ='DS-tal-alle'!F259 -> 278 | F68: ='DS-tal-alle'!G259 -> 402.1 | G68: ='DS-tal-alle'!H259 -> 305.3 | H68: ='DS-tal-alle'!I259 -> 355.3
C69: ='DS-tal-alle'!C260 -> 09.5.1.3 Andre fagbøger | D69: ='DS-tal-alle'!D260 -> 154 | E69: ='DS-tal-alle'!F260 -> 107.6 | F69: ='DS-tal-alle'!G260 -> 46.5 | G69: ='DS-tal-alle'!H260 -> 142.7 | H69: ='DS-tal-alle'!I260 -> 99.7
C70: ='DS-tal-alle'!C261 -> 09.5.1.4 E-bøger mv. | D70: ='DS-tal-alle'!D261 -> 7 | E70: ='DS-tal-alle'!F261 -> 20.2 | F70: ='DS-tal-alle'!G261 -> 0 | G70: ='DS-tal-alle'!H261 -> 0 | H70: ='DS-tal-alle'!I261 -> 8.7
C71: ='DS-tal-alle'!C262 -> 09.5.2.1 Aviser | D71: ='DS-tal-alle'!D262 -> 955 | E71: ='DS-tal-alle'!F262 -> 224.9 | F71: ='DS-tal-alle'!G262 -> 162.5 | G71: ='DS-tal-alle'!H262 -> 555.6 | H71: ='DS-tal-alle'!I262 -> 472.2
C72: ='DS-tal-alle'!C263 -> 09.5.2.2 Magasiner og tidsskrifter | D72: ='DS-tal-alle'!D263 -> 431 | E72: ='DS-tal-alle'!F263 -> 146.4 | F72: ='DS-tal-alle'!G263 -> 229.2 | G72: ='DS-tal-alle'!H263 -> 336.2 | H72: ='DS-tal-alle'!I263 -> 320.1
C73: ='DS-tal-alle'!C264 -> 09.5.3.0 Diverse tryksager | D73: ='DS-tal-alle'!D264 -> 123 | E73: ='DS-tal-alle'!F264 -> 66.9 | F73: ='DS-tal-alle'!G264 -> 65.8 | G73: ='DS-tal-alle'!H264 -> 238.4 | H73: ='DS-tal-alle'!I264 -> 202.3
C74: ='DS-tal-alle'!C265 -> 09.5.4.1 Produkter af papir | D74: ='DS-tal-alle'!D265 -> 114 | E74: ='DS-tal-alle'!F265 -> 87.7 | F74: ='DS-tal-alle'!G265 -> 271.5 | G74: ='DS-tal-alle'!H265 -> 118.1 | H74: ='DS-tal-alle'!I265 -> 150.5
C75: I alt | D75: =SUM(D67:D74) -> 2373 | E75: =SUM(E67:E74) -> 1165 | F75: =SUM(F67:F74) -> 1298.5 | G75: =SUM(G67:G74) -> 2313.4 | H75: =SUM(H67:H74) -> 2246
B77: Telefoni | D77: =D83 -> 4044 | E77: =E83 -> 2724.8 | F77: =F83 -> 5018.9 | G77: =G83 -> 4812.1 | H77: =H83 -> 6706.2
C78: ='DS-tal-alle'!C212 -> 08.2.0.1 Fastnettelefon, udstyr | D78: ='DS-tal-alle'!D212 -> 3 | E78: ='DS-tal-alle'!F212 -> 0 | F78: ='DS-tal-alle'!G212 -> 0 | G78: ='DS-tal-alle'!H212 -> 3.3 | H78: ='DS-tal-alle'!I212 -> 0.6
C79: ='DS-tal-alle'!C213 -> 08.2.0.2 Mobiltelefon, udstyr | D79: ='DS-tal-alle'!D213 -> 1715 | E79: ='DS-tal-alle'!F213 -> 899.6 | F79: ='DS-tal-alle'!G213 -> 2232.9 | G79: ='DS-tal-alle'!H213 -> 1480.6 | H79: ='DS-tal-alle'!I213 -> 2615
C80: ='DS-tal-alle'!C214 -> 08.2.0.4 Reparation af telefon mv. | D80: ='DS-tal-alle'!D214 -> 97 | E80: ='DS-tal-alle'!F214 -> 0 | F80: ='DS-tal-alle'!G214 -> 0 | G80: ='DS-tal-alle'!H214 -> 0 | H80: ='DS-tal-alle'!I214 -> 56.4
C81: ='DS-tal-alle'!C215 -> 08.3.0.1 Fastnettelefon, tjenester | D81: ='DS-tal-alle'!D215 -> 173 | E81: ='DS-tal-alle'!F215 -> 29.1 | F81: ='DS-tal-alle'!G215 -> 74.5 | G81: ='DS-tal-alle'!H215 -> 84 | H81: ='DS-tal-alle'!I215 -> 133.4
C82: ='DS-tal-alle'!C216 -> 08.3.0.2 Mobiltelefon, tjenester | D82: ='DS-tal-alle'!D216 -> 2056 | E82: ='DS-tal-alle'!F216 -> 1796.1 | F82: ='DS-tal-alle'!G216 -> 2711.5 | G82: ='DS-tal-alle'!H216 -> 3244.2 | H82: ='DS-tal-alle'!I216 -> 3900.8
C83: I alt | D83: =SUM(D78:D82) -> 4044 | E83: =SUM(E78:E82) -> 2724.8 | F83: =SUM(F78:F82) -> 5018.9 | G83: =SUM(G78:G82) -> 4812.1 | H83: =SUM(H78:H82) -> 6706.2
B85: Internet | D85: =D88 -> 4227 | E85: =E88 -> 3103 | F85: =F88 -> 3763.1 | G85: =G88 -> 4253.4 | H85: =H88 -> 4408.6
C86: ='DS-tal-alle'!C217 -> 08.3.0.3 Internet | D86: ='DS-tal-alle'!D217 -> 1377 | E86: ='DS-tal-alle'!F217 -> 1694.6 | F86: ='DS-tal-alle'!G217 -> 1381.9 | G86: ='DS-tal-alle'!H217 -> 2042.3 | H86: ='DS-tal-alle'!I217 -> 1589
C87: ='DS-tal-alle'!C218 -> 08.3.0.4 Kombinerede teletjenester | D87: ='DS-tal-alle'!D218 -> 2850 | E87: ='DS-tal-alle'!F218 -> 1408.4 | F87: ='DS-tal-alle'!G218 -> 2381.2 | G87: ='DS-tal-alle'!H218 -> 2211.1 | H87: ='DS-tal-alle'!I218 -> 2819.6
C88: I alt | D88: =SUM(D86:D87) -> 4227 | E88: =SUM(E86:E87) -> 3103 | F88: =SUM(F86:F87) -> 3763.1 | G88: =SUM(G86:G87) -> 4253.4 | H88: =SUM(H86:H87) -> 4408.6
B90: Offentlig transport/taxi | D90: =D99 -> 3197 | E90: =E99 -> 3812.6 | F90: =F99 -> 3010.6 | G90: =G99 -> 6136.3 | H90: =H99 -> 6029.6
C91: ='DS-tal-alle'!C200 -> 07.3.1.1 Transport med tog | D91: ='DS-tal-alle'!D200 -> 448 | E91: ='DS-tal-alle'!F200 -> 530.4 | F91: ='DS-tal-alle'!G200 -> 154.2 | G91: ='DS-tal-alle'!H200 -> 354.2 | H91: ='DS-tal-alle'!I200 -> 352.1
C92: ='DS-tal-alle'!C201 -> 07.3.1.2 Transport med metro | D92: ='DS-tal-alle'!D201 -> 13 | E92: ='DS-tal-alle'!F201 -> 7 | F92: ='DS-tal-alle'!G201 -> 0 | G92: ='DS-tal-alle'!H201 -> 4.7 | H92: ='DS-tal-alle'!I201 -> 6
C93: ='DS-tal-alle'!C202 -> 07.3.2.1 Transport med bus | D93: ='DS-tal-alle'!D202 -> 144 | E93: ='DS-tal-alle'!F202 -> 148.6 | F93: ='DS-tal-alle'!G202 -> 12.2 | G93: ='DS-tal-alle'!H202 -> 175 | H93: ='DS-tal-alle'!I202 -> 83.7
C94: ='DS-tal-alle'!C203 -> 07.3.2.2 Taxi | D94: ='DS-tal-alle'!D203 -> 390 | E94: ='DS-tal-alle'!F203 -> 431.5 | F94: ='DS-tal-alle'!G203 -> 288.3 | G94: ='DS-tal-alle'!H203 -> 328.1 | H94: ='DS-tal-alle'!I203 -> 451.6
C95: ='DS-tal-alle'!C204 -> 07.3.3.1 Indensrigsflyvning | D95: ='DS-tal-alle'!D204 -> 95 | E95: ='DS-tal-alle'!F204 -> 0 | F95: ='DS-tal-alle'!G204 -> 0 | G95: ='DS-tal-alle'!H204 -> 0 | H95: ='DS-tal-alle'!I204 -> 0
C96: ='DS-tal-alle'!C205 -> 07.3.3.2 Udenrigsflyvning | D96: 0 | E96: ='DS-tal-alle'!F205 -> 923.7 | F96: ='DS-tal-alle'!G205 -> 812.3 | G96: ='DS-tal-alle'!H205 -> 2106.8 | H96: ='DS-tal-alle'!I205 -> 2181.3
C97: ='DS-tal-alle'!C206 -> 07.3.4.1 Personbefordring ad søvejen | D97: ='DS-tal-alle'!D206 -> 440 | E97: ='DS-tal-alle'!F206 -> 261.3 | F97: ='DS-tal-alle'!G206 -> 20.3 | G97: ='DS-tal-alle'!H206 -> 494.8 | H97: ='DS-tal-alle'!I206 -> 882.1
C98: ='DS-tal-alle'!C207 -> 07.3.5.0 Kombineret persontransport | D98: ='DS-tal-alle'!D207 -> 1667 | E98: ='DS-tal-alle'!F207 -> 1510.1 | F98: ='DS-tal-alle'!G207 -> 1723.3 | G98: ='DS-tal-alle'!H207 -> 2672.7 | H98: ='DS-tal-alle'!I207 -> 2072.8
C99: I alt | D99: =SUM(D91:D98) -> 3197 | E99: =SUM(E91:E98) -> 3812.6 | F99: =SUM(F91:F98) -> 3010.6 | G99: =SUM(G91:G98) -> 6136.3 | H99: =SUM(H91:H98) -> 6029.6
B101: Værksted | D101: =D103 -> 4253 | E101: =E103 -> 3013.6 | F101: =F103 -> 2334.7 | G101: =G103 -> 4791.5 | H101: =H103 -> 7309
C102: ='DS-tal-alle'!C196 -> 07.2.3.0 Vedligeholdelse og reparation af personlige transportmidler | D102: ='DS-tal-alle'!D196 -> 4253 | E102: ='DS-tal-alle'!F196 -> 3013.6 | F102: ='DS-tal-alle'!G196 -> 2334.7 | G102: ='DS-tal-alle'!H196 -> 4791.5 | H102: ='DS-tal-alle'!I196 -> 7309
C103: I alt | D103: =SUM(D102:D102) -> 4253 | E103: =SUM(E102:E102) -> 3013.6 | F103: =SUM(F102:F102) -> 2334.7 | G103: =SUM(G102:G102) -> 4791.5 | H103: =SUM(H102:H102) -> 7309
C105: Total Smartbudget | D105: =D3+D15+D24+D31+D36+D40+D56+D66+D77+D85+D90+D101 -> 154062 | E105: =E3+E15+E24+E31+E36+E40+E56+E66+E77+E85+E90+E101 -> 85178.8 | F105: =F3+F15+F24+F31+F36+F40+F56+F66+F77+F85+F90+F101 -> 117113 | G105: =G3+G15+G24+G31+G36+G40+G56+G66+G77+G85+G90+G101 -> 169188 | H105: =H3+H15+H24+H31+H36+H40+H56+H66+H77+H85+H90+H101 -> 215842.3
C106: Total DST | D106: ='DS-tal-alle'!D16 -> 300480.3 | E106: ='DS-tal-alle'!F16 -> 183861.1 | F106: ='DS-tal-alle'!G16 -> 246764.4 | G106: ='DS-tal-alle'!H16 -> 330719.8 | H106: ='DS-tal-alle'!I16 -> 417210.8
C107: Smartbudget i procent af forbruget i alt | D107: =D105*100/D106 -> 51.271914 | E107: =E105*100/E106 -> 46.327799 | F107: =F105*100/F106 -> 47.459439 | G107: =G105*100/G106 -> 51.157506 | H107: =H105*100/H106 -> 51.734591

Sheet Modeller
B1: Modeller
D2: Børnecheck
B3: 2020 | C3: ok | E3: I alt | F3: 0-2 år | G3: 3-6 år | H3: 7-14 år | I3: 15-17 år | J3: Se Skat.dk om takster: | K3: http://www.skm.dk/skattetal/satser/satser-og-beloebsgraenser/boerne-og-ungeydelsesloven/ | N3: Vælg år i kolonne B | O3: Tal ændres til højre --> | P3: =IF($B$3=2018,Y3,"") | Q3: 2014 | R3: 2014 | S3: 2015 | T3: 2015 | U3: 2016 | V3: 2016 | W3: 2017 | X3: 2017 | Y3: 2018 | Z3: 2018 | AA3: 2020 | AB3: 2020
D4: Pr. kvartal / måned | F4: 4596 | G4: 3639 | H4: 2862 | I4: 954 | K4: https://www.borger.dk/familie-og-boern/Familieydelser-oversigt/Boerne-ungeydelse | Q4: Pr. år | R4: Kvartal/måned | S4: Pr. år | T4: Kvartal/måned | U4: Pr. år | V4: Kvartal/måned | W4: Pr. år | X4: Kvartal/måned | Y4: Pr. år | Z4: Kvartal/måned | AA4: Pr. år | AB4: Kvartal/måned
D5: Pr. år | F5: =F4*4 -> 18384 | G5: =G4*4 -> 14556 | H5: =H4*4 -> 11448 | I5: =I4*12 -> 11448 | P5: 0-2 år | Q5: 17616 | R5: 4404 | S5: 17772 | T5: 4443 | U5: =V5*4 -> 17880 | V5: 4470 | W5: =X5*4 -> 17964 | X5: 4491 | Y5: =Z5*4 -> 18024 | Z5: 4506 | AA5: =AB5*4 -> 18384 | AB5: 4596
D6: Valg efter antal børn - før reduktion | E6: =SUM(F6:I6) -> 18384 | F6: =Data!G5*F5 -> 18384 | G6: =Data!I5*G5 -> 0 | H6: =Data!K5*H5 -> 0 | I6: =I5*Data!M5 -> 0 | P6: 3-6 år | Q6: 13944 | R6: 3486 | S6: 14076 | T6: 3519 | U6: =V6*4 -> 14148 | V6: 3537 | W6: =X6*4 -> 14220 | X6: 3555 | Y6: =Z6*4 -> 14268 | Z6: 3567 | AA6: =AB6*4 -> 14556 | AB6: 3639
D7: Max. på den samlede ydelse | E7: =E6 -> 18384 | J7: Dette maks er ophævet fra 2012. | P7: 7-14 år | Q7: 10980 | R7: 2745 | S7: 11076 | T7: 2769 | U7: =V7*4 -> 11136 | V7: 2784 | W7: =X7*4 -> 11184 | X7: 2796 | Y7: =Z7*4 -> 11232 | Z7: 2808 | AA7: =AB7*4 -> 11448 | AB7: 2862
D8: Ydelse over max. | E8: =E6-E7 -> 0 | J8: Dette maks er ophævet fra 2012. | P8: 15-17 år | Q8: 10980 | R8: 915 | S8: 11076 | T8: 923 | U8: =V8*12 -> 11136 | V8: 928 | W8: =X8*12 -> 11184 | X8: 932 | Y8: =Z8*12 -> 11232 | Z8: 936 | AA8: =AB8*12 -> 11448 | AB8: 954
D9: Overgangsordning I for 2011 - beskæringen kan højest udgøre 1/3-del af ydelsen over max. | E9: =IF(E8/3<=0,0,E8/3) -> 0 | J9: Dette maks er ophævet fra 2012.
D10: Overgangsordning 2 for 2011 - beskæring på max. 12000 | E10: =IF(E9>=12000,12000,E9) -> 0 | J10: Dette maks er ophævet fra 2012. | P10: =IF($B$3=2018,Y10,"") | S10: 723100 | U10: 732900 | W10: 749000 | Y10: 765000
D11: Udbetaling før eventuel fratræk for høj indkomst | E11: =E6 -> 18384 | G11: =E11/12 -> 1532
D12: Fratræk for høj indkomst | E12: =Aftrapning!F21 -> 0
D13: Børnecheck efter fratræk for høje indkomster pr. år | E13: =E11-E12 -> 18384 | F13: pr. måned: | G13: =E13/12 -> 1532
B15: 2018 | C15: ok | D15: Varme | E15: Model fra: Danish Building Research Institute - Kirsten Gram-Hanssen. http://vbn.aau.dk/files/14395277/SBi_2005-09.pdf side 6
D16: Varmeforbrug i parcelhuse: 4816 kWh + 104kWh/m2 * kvadratmeter bolig. | H16: Det valgte fyr er: | J16: =VLOOKUP(K16,G19:J25,2) -> Fjernvarme | K16: =Dialog!D3 -> 5 | P16: Baseret på følgende beregninger:
D17: Konstant 1 | E17: 4816 | F17: kWh
D18: Konstant 2 | E18: 104 | F18: kWh | H18: Priser pr. kWh: | P18: Oliefyr: | Q18: Aktuel pris: 11.02.2014 | R18: =U23 -> 43838
D19: Kvadratmeter boligareal (valgt i Start) | E19: =Input!D35 -> 0 | F19: m2 | G19: 1 | H19: Oliefyr (nyt) | J19: =Q23 -> 1.2011579 | K19: kr./kWh | L19: 1 | P19: 1 liter olie indeholder optimalt | Q19: 10 | R19: kWh pr. liter olie
D20: Antal kWh til opvarmning af bolig | E20: =E17+E18*E19 -> 4816 | F20: kWh | G20: 2 | H20: Oliefyr (gammelt) | J20: =Q24 -> 1.6301429 | K20: kr./kWh | L20: 2 | P20: Ny oliefyr - virkningsgrad er 95 procent | Q20: =Q19*95% -> 9.5 | R20: kWh pr. liter olie
D21: Hvis boligen opvarmes med el (det er kwh-timer over dette der bruges til opvarmning og får rabat) | E21: =IF($K$16=6,4000,0) -> 0 | F21: kWh | G21: 3 | H21: Gasfyr (nyt) | J21: =Q31 -> 0.4905303 | K21: kr./kWh | L21: 3 | P21: Gammelt oliefyr - virkningsgrad 70 procent | Q21: =Q19*70% -> 7 | R21: kWh pr. liter olie | S21: Fyr fra 1977 eller før.
D22: Resterende antal kwh til opvarmning | E22: =E20-E21 -> 4816 | F22: kWh | G22: 4 | H22: Gasfyr (gammelt) | J22: =Q32 -> 0.62787879 | K22: kr./kWh | L22: 4 | P22: Aktuel pris på fyringsolie: | Q22: =T23/1000 -> 11.411 | R22: kr. pr. liter | S22: https://bestilfyringsolie.dk/order-page/olietype-olietank/
D23: Prisen pr. kWh for det valgte fyr | E23: =VLOOKUP(K16,G19:J25,4) -> 0.7019337 | F23: kr./kWh | G23: 5 | H23: Fjernvarme | J23: =Q45 -> 0.7019337 | K23: kr./kWh | L23: 5 | P23: Nyt oliefyr: | Q23: =Q22/Q20 -> 1.2011579 | R23: kr. pr. kWh inklusiv moms | S23: Prisen --> | T23: 11411 | U23: 43838
D24: Varmeudgift til det valgte fyr | E24: =E22*E23 -> 3380.5127 | F24: kr. | G24: 6 | H24: El | J24: =J27-0.7813 -> 1.4687 | K24: kr./kWh | L24: 6 | N24: Der er trukket fra for rabat ved el-varme. Se note. | P24: Gammelt oliefyr: | Q24: =Q22/Q21 -> 1.6301429 | R24: kr. pr. kWh inklusiv moms
G25: 7 | H25: Træpillefyr | J25: =Q40 -> 0.48225309 | K25: kr./kWh | L25: 7
D26: Varmeforbrug i etageboliger: -2577 kWh +119 kWh/m2 * kvadratmeter bolig | P26: Gasfyr | Q26: Aktuel pris: Hos DONG. Det kan være billigere, men også dyrere. | R26: 43838
D27: Konstant | E27: -2577 | F27: kWh | H27: El uden varmerabat | I27: --> | J27: 2.25 | K27: kr./kWh | N27: https://www.seas-nve.dk/privat/el/elvarme | P27: 1 kubikmeter naturgas indeholder optimalt | Q27: 11 | R27: kWh pr. kubikmeter naturgas
D28: Variabel efter kvadratmeter | E28: 119 | F28: kWh | H28: Se side om el-opvarmning: | P28: Nyt gasfyr - virkningsgrad 96 procent | Q28: =Q27*96% -> 10.56 | R28: kWh pr. kubikmeter naturgas
D29: Kvadratmeter boligareal | E29: =Input!D35 -> 0 | F29: m2 | P29: Gammelt gasfyr - virkningsgrad 75 procent | Q29: =Q27*75% -> 8.25 | R29: kWh pr. kubikmeter naturgas
D30: Antal kWh til opvarmning af bolig | E30: =E27+E28*E29 -> -2577 | F30: kWh | P30: Aktuelt pris på naturgas: | Q30: 5.18 | R30: kr. pr. m3 | S30: http://gasprisguiden.dk/#
D31: Hvis boligen opvarmes med el (det er kwh-timer over dette der bruges til opvarmning og får rabat) | E31: =IF($K$16=6,4000,0) -> 0 | F31: kWh | P31: Nyt gasfyr: | Q31: =Q30/Q28 -> 0.4905303 | R31: kr. pr. kWh inklusiv moms
D32: Resterende antal kwh til opvarmning | E32: =E30-E31 -> -2577 | F32: kWh | P32: Gammelt gasfyr: | Q32: =Q30/Q29 -> 0.62787879 | R32: kr. pr. kWh inklusiv moms
D33: Prisen pr. kWh for det valgte fyr | E33: =VLOOKUP(K16,G19:J25,4) -> 0.7019337 | F33: kr./kWh
D34: Varmeudgift til det valgte fyr | E34: =E30*E33 -> -1808.8831 | F34: kr. | P34: Pillefyr | Q34: Aktuel pris hos Dalmosebraende.dk | R34: 43838
P35: 1 kg træpiller indeholder | Q35: 4.86 | R35: kWh
D36: Den valgte bolig er: | E36: =Dialog!$B$3 -> 1 | F36: =IF(AND(E36>=1,E36<=3),"Hus",IF(AND(E36>=4,E36<=7),"Lejlighed","")) -> Hus | P36: Nyt pillefyr - virkningsgrad 95 % | Q36: =Q35*95% -> 4.617 | R36: kWh pr. kg | S36: http://www.dalmosebraende.dk/
D37: Valg mellem de to | E37: =IF(F36="Hus",E24,E34) -> 3380.5127 | F37: kr.
D38: 0-stilling hvis negativ | E38: =IF(E37<=0,0,E37) -> 3380.5127
P39: Prisen på et kilo træpiller: | Q39: =1995/896 -> 2.2265625 | R39: <-- ret ved prisændringer | S39: https://www.dalmosebraende.dk/traepiller-i-saekke.html
D40: El | E40: Model fra: Danish Building Research Institute - Kirsten Gram-Hanssen. http://www.en.sbi.dk/miljo-og-energi/livsstil-og-adferd/husholdningers-energi-og-vandforbrug/sammenfatning | P40: Nyt pillefyr: | Q40: =Q39/Q36 -> 0.48225309 | R40: kr. pr. kWh inklusiv moms
D41: Elforbrug i parcelhus: 530 kWh + 12 kWh/m2*kvadratmeter bolig + 690 kWh/pers. * antal personer
D42: Konstant 1 | E42: 530 | F42: kWh | P42: Fjernvarme
D43: Konstant 2 | E43: 12 | F43: kWh pr. person | P43: Standardhus på 130 m2 (gennemsnitaugust 2014) | Q43: 18100 | R43: kWh
D44: Kvadratmeter boligareal (valgt i Start) | E44: =Input!D35 -> 0 | F44: m2 | P44: Standardhus på 130 m2 | Q44: =12705 -> 12705 | R44: kr. | S44: Kr. pr. år. Vægtet gennemsnit af 428 fjernvarmeværker i august 2017. Kilde: Energitilsynet
D45: Konstant 3 | E45: 690 | F45: kWh pr. person | P45: Prisen pr. kWh | Q45: =Q44/Q43 -> 0.7019337 | R45: kr. | S45: http://energitilsynet.dk/varme/statistik/prisstatistik/pr-1-august-2017/
D46: Antal personer (valgt i start) | E46: =Input!D8+Input!D29 -> 3
D47: Elforbrug i kWh | E47: =E42+(E43*E44)+(E45*E46) -> 2600
D48: Pristen for én kWh | E48: =J27 -> 2.25 | F48: kr. | G48: =N27 -> https://www.seas-nve.dk/privat/el/elvarme
D49: Udgift til el i et år | E49: =E47*E48 -> 5850 | F49: kr.
D51: Elforbrug i etageboliger: 340 kWh + 11 kWh/m2* kvadratmeter bolig + 350 kWh/pers. * antal personer
D52: Konstant 1 | E52: 340
D53: Konstant 2 | E53: 11
D54: Kvadratmeter boligareal (valgt i Start) | E54: =Input!D35 -> 0
D55: Konstant 3 | E55: 350
D56: Antal personer (valgt i start) | E56: =Input!D8+Input!D29 -> 3
D57: Elforbrug i kWh | E57: =E52+(E53*E54)+(E55*E56) -> 1390
D58: Pristen for én kWh | E58: =E48 -> 2.25 | F58: kr.
D59: Udgift til el i et år | E59: =E57*E58 -> 3127.5 | F59: kr.
D61: Den valgte bolig er: | E61: =Dialog!$B$3 -> 1 | F61: =IF(AND(E61>=1,E61<=3),"Hus",IF(AND(E61>=4,E61<=7),"Lejlighed","")) -> Hus
D62: Valg mellem de to: | E62: =IF(F61="Hus",E49,E59) -> 5850 | F62: kr.
D65: El 2 | E65: Model fra: Hans Skyum Larsen hsl@it-energy.dk
D66: El-forbrug i parcelhuse: 7.9 * iAreal + 950 * iAdults + 539 * iTeens + 320 * iChildren) + 1212
D67: Konstant | E67: 7.9
D68: Kvadratmeter boligareal (valgt i Start) | E68: =Input!D35 -> 0
D69: Konstant | E69: 950
D70: Antal voksne | E70: =Input!D8 -> 2
D71: Konstant | E71: 539
D72: Antal teenagere | E72: =Input!D28 -> 0
D73: Konstant | E73: 320
D74: Antal børn | E74: =SUM(Input!D25:D27) -> 1
D75: Konstant | E75: 1212
D76: Elforbrug i kWh | E76: =(E67*E68)+(E69*E70)+(E71*E72)+(E73*E74)+E75 -> 3432 | F76: El-model 1: | G76: =E47 -> 2600
D77: Pristen for én kWh | E77: =$J$27 -> 2.25 | F77: kr.
D78: Udgift til el i et år | E78: =E76*E77 -> 7722 | F78: kr.
D80: El-forbrug i lejligheder: 11.6 * iAreal + 747 * iAdults + 450 * iTeens + 203 * iChildren) + 168
D81: Konstant | E81: 11.6
D82: Kvadratmeter boligareal (valgt i Start) | E82: =Input!D35 -> 0
D83: Konstant | E83: 747
D84: Antal voksne | E84: =Input!D8 -> 2
D85: Konstant | E85: 450
D86: Antal teenagere | E86: =Input!D28 -> 0
D87: Konstant | E87: 303
D88: Antal børn | E88: =SUM(Input!D25:D27) -> 1
D89: Konstant | E89: 168
D90: Elforbrug i kWh | E90: =(E81*E82)+(E83*E84)+(E85*E86)+(E87*E88)+E89 -> 1965 | F90: El-model 1: | G90: =E57 -> 1390
D91: Pristen for én kWh | E91: =$J$27 -> 2.25 | F91: kr.
D92: Udgift til el i et år | E92: =E90*E91 -> 4421.25 | F92: kr.
D94: Den valgte bolig er: | E94: =Dialog!$B$3 -> 1 | F94: =IF(AND(E94>=1,E94<=3),"Hus",IF(AND(E94>=4,E94<=7),"Lejlighed","")) -> Hus
D95: Valg mellem de to: | E95: =IF(F94="Hus",E78,E92) -> 7722 | F95: kr.
D98: Vand | E98: Model fra: Danish Building Research Institute - Kirsten Gram-Hanssen. http://www.en.sbi.dk/miljo-og-energi/livsstil-og-adferd/husholdningers-energi-og-vandforbrug/sammenfatning
D99: Vandforbrug i parcelhuse: 52 m3 + 26 m3/pers.* antal personer | H99: Vandforbrug i parcelhuse:
D100: Konstant 1 | E100: 52 | F100: m3 | H100: 52 m3 + 26 m3/pers.* antal personer
D101: Konstant 2 | E101: 26 | F101: m3 pr. person
D102: Antal personer | E102: =Input!D8+Input!D29 -> 3 | H102: Vandforbrug i etageboliger:
D103: Vandforbrug i m3 | E103: =E100+(E101*E102) -> 130 | H103: 33 m3 + 21 m3/pers.* antal personer
D105: Vandforbrug i etageboliger: 33 m3 + 21 m3/pers.* antal personer | N105: Fast afgift består af disse to (pris inkl. moms):
D106: Konstant 1 | E106: 33 | F106: m3 | H106: Vandpriser 2020: | I106: pr. m3 | J106: Faste afgifter | N106: Fast vandbidrag pr. måler | O106: Vandafledningsbidrag pr. spildevandsstik
D107: Konstant 2 | E107: 21 | F107: m3 pr. person | H107: Odense | I107: =(7930.5-600)/130 -> 56.388462 | J107: 600 | K107: http://www.vandcenter.dk/priser/forbrugspriser | O107: ok
D108: Antal personer | E108: =Input!D8+Input!D29 -> 3 | H108: København: | I108: 38.46 | J108: 1150 | K108: http://www.hofor.dk/vand/priser-paa-vand-2017/ | O108: ok
D109: Vandforbrug i m3 | E109: =E106+(E107*E108) -> 96 | H109: Dragør: | I109: 62.23 | J109: 507.45 | O109: ok
H110: Albertslund: | I110: 61.78 | J110: 125 | O110: ok
...

Sheet Aftrapning
B1: Reduktion af børne- og ungeydelsen hvis høje indtægter | C1: ok 2020
B2: Hvis der er børn under 18 år i husstanden, skal der ekstra spørgsmål ind i tungerne for navn og indtægt:
D5: Valg af indkomst pr. måned | E5: Valg af indkomst pr. år | F5: Indkomst over beskatningsgrundlag | G5: Styring af valg
B6: Hvis der kun er én voksen: | G6: =IF(Input!D8<=1,1,0) -> 0
B7: Månedsløn før skat --> | C7: =Input!E13 -> 17685.593 | D7: =IF(G6=1,C7,"") | E7: =IF(D7="","",D7*12) | F7: =IF(E7="","",IF(E7-$C$23>0,E7-$C$23,""))
B9: Hvis der er flere end én voksen:
B10: Er I gift eller ugift? --> | C10: =IF(G10=1,"Ugifte","Gifte") -> Ugifte | G10: =Dialog!P3 -> 1 | I10: 1 = ugifte 2 = gifte (Vælges i "Dialog")
B12: Hvis ugifte:
B13: Indkomst før skat hos den, der modtager børne- og ungeydelsen --> | C13: =I20 -> 17685.593 | D13: =IF(AND(G6=0,G10=1),C13,"") -> 17685.593 | E13: =IF(D13="","",D13*12) -> 212227.11 | F13: =IF(E13="","",IF(E13-$C$23>0,E13-$C$23,"")) | I13: Den mindste løn:
I14: =Input!E13 -> 17685.593
B15: Hvis gifte: | I15: =Input!E14 -> 176855.93
B16: Indkomst pr. måned før skat hos person 1 --> | C16: =Input!E13 -> 17685.593 | D16: =IF(AND(G6=0,D13=""),C16,"") | E16: =IF(D16="","",D16*12) | F16: =IF(E16="","",IF(E16-$C$23>0,E16-$C$23,"")) | I16: =Input!E15 -> 0
B17: Indkomst pr. måned før skat hos person 2 --> | C17: =Input!E14 -> 176855.93 | D17: =IF(AND(G6=0,G10=2),C17,"") | E17: =IF(D17="","",D17*12) | F17: =IF(E17="","",IF(E17-$C$23>0,E17-$C$23,"")) | I17: =Input!E16 -> 0
B18: Samlet indkomst: | C18: =C16+C17 -> 194541.52 | D18: =SUM(D16:D17) -> 0 | E18: =IF(D18="","",D18*12) -> 0 | F18: =SUM(F16:F17) -> 0 | I18: =Input!E17 -> 0
I19: =Input!E18 -> 0
B20: Den valgte indkomst til aftrapning: | F20: =MAX(F7,F13,F18) -> 0 | I20: =IF(I15<=0,I14,IF(SUM(I16:I19)<=0,MIN(I14:I15),IF(SUM(I17:I19)<=0,MIN(I14:I16),IF(SUM(I18:I19)<=0,MIN(I14:I17),IF(I19<=0,MIN(I14:I18),MIN(I14:I19)))))) -> 17685.593 | J20: Valget af den mindste løn
B21: 2 procent af dette | F21: =F20*2% -> 0
B23: Bundfradraget for 2020 før reduktion med AM-bidrag er: | C23: =C27 -> 869673.91
B25: Beregning af bundfradraget før AM-bidrag:
B26: Bundfradraget i topskattegrundlaget --> | C26: 800100 | D26: <-- 2020
B27: Bundfradraget før AM-bidraget: | C27: =C26/(1-0.08) -> 869673.91
B29: Borger.dk | C29: https://www.borger.dk/familie-og-boern/Familieydelser-oversigt/Boerne-ungeydelse/Boerne-ungeydelse-nedsaettelse
B30: Reglerne - Skatteministeriet: | C30: https://www.retsinformation.dk/Forms/R0710.aspx?id=143287
B31: Personskattelovens § 7 | C31: https://www.retsinformation.dk/forms/r0710.aspx?id=145909
B33: Alt om familie og børn | C33: https://www.borger.dk/familie-og-boern/Familieydelser-oversigt/Boerne-ungeydelse/Boerne-ungeydelse-nedsaettelse

Sheet Dialog
B2: Dialogboks bolig | D2: Dialog varmekilde | G2: Dialog bilforsikring - bil 1 | H2: Kolonne-nummer i Kommunedata | I2: Dialog bilforsikring - bil 2 | J2: Kolonne-nummer i Kommunedata | K2: Dialog bilforsikring - bil 3 | L2: Kolonne-nummer i Kommunedata | M2: Valg af kommune i K-data | N2: Valg af kommune i K-data2 | P2: Dialog - gift/ugift | Q2: Dialog bolig - opført | R2: Indboforsikring | S2: Husforsikring | T2: Vuggestue | U2: Børnehave | V2: SFO
B3: 1 | D3: 5 | G3: 1 | H3: =23+G3 -> 24 | I3: 1 | J3: =23+I3 -> 24 | K3: 1 | L3: =23+K3 -> 24 | M3: 1 | N3: =VLOOKUP(Dialog!M3,Kommunedata!B4:D101,2) -> 165 | P3: 1 | Q3: 4 | R3: Fra K-data: | S3: Fra K-data: | T3: Fra K-data: | U3: Fra K-data: | V3: Fra K-data:
B4: Boligtype: | D4: Varmekilde: | G4: Vælg: | O4: 1 | P4: Ugift | Q4: Vælg byggeår: | R4: 21 | S4: 22 | T4: 7 | U4: 13 | V4: 16
A5: 1 | B5: Alle boliger | C5: 1 | D5: Oliefyr (nyt) | F5: 1 | G5: Ingen bil | I5: Ingen bil | K5: Ingen bil | O5: 2 | P5: Gift | Q5: 1940 | R5: =IF((Input!D8+Input!D29)=0,0,VLOOKUP(Dialog!M3,Kommunedata!B4:W101,21)) -> 3434 | S5: =IF((Input!D8+Input!D29)=0,0,VLOOKUP(Dialog!M3,Kommunedata!B4:W101,22)) -> 5764 | T5: =VLOOKUP(Dialog!M3,Kommunedata!B4:Q101,7)*Modeller!E204 -> 3489 | U5: =VLOOKUP(Dialog!M3,Kommunedata!B4:Q101,13)*Modeller!E205 -> 0 | V5: =VLOOKUP(Dialog!M3,Kommunedata!B4:Q101,16)*Modeller!E206 -> 0
A6: 2 | B6: Eget parcelhus e.l. | C6: 2 | D6: Oliefyr (gammelt) | F6: 2 | G6: Lille bil - skadefri i 0-2 år | I6: Lille bil - skadefri i 0-2 år | K6: Lille bil - skadefri i 0-2 år | Q6: 1960 | R6: Fra K-data2: | S6: Fra K-data2: | T6: Fra K-data2: | U6: Fra K-data2: | V6: Fra K-data2:
A7: 3 | B7: Lejet hus | C7: 3 | D7: Gasfyr (nyt) | F7: 3 | G7: Lille bil - skadefri i 3-4 år | I7: Lille bil - skadefri i 3-4 år | K7: Lille bil - skadefri i 3-4 år | Q7: 1980 | R7: =R4-1 -> 20 | S7: =S4-1 -> 21 | T7: =T4-1 -> 6 | U7: =U4-1 -> 12 | V7: =V4-1 -> 15
A8: 4 | B8: Ejerlejlighed | C8: 4 | D8: Gasfyr (gammelt) | F8: 4 | G8: Lille bil - skadefri i 5 år eller mere (elite) | I8: Lille bil - skadefri i 5 år eller mere (elite) | K8: Lille bil - skadefri i 5 år eller mere (elite) | Q8: 2000 | R8: =IF((Input!D8+Input!D29)=0,0,VLOOKUP(Dialog!N3,Kommunedata2!C4:W101,20)) -> 3434 | S8: =IF((Input!D8+Input!D29)=0,0,VLOOKUP(Dialog!N3,Kommunedata2!C4:W101,21)) -> 5764 | T8: =VLOOKUP(Dialog!N3,Kommunedata2!C4:Q101,6)*Modeller!E204 -> 3489 | U8: =VLOOKUP(Dialog!N3,Kommunedata2!C4:Q101,12)*Modeller!E205 -> 0 | V8: =VLOOKUP(Dialog!N3,Kommunedata2!C4:Q101,15)*Modeller!E206 -> 0
A9: 5 | B9: Lejelejlighed | C9: 5 | D9: Fjernvarme | F9: 5 | G9: Mellem - skadefri i 0-2 år | I9: Mellem - skadefri i 0-2 år | K9: Mellem - skadefri i 0-2 år
A10: 6 | B10: Andelsbolig | C10: 6 | D10: El | F10: 6 | G10: Mellem - skadefri i 3-4 år | I10: Mellem - skadefri i 3-4 år | K10: Mellem - skadefri i 3-4 år
A11: 7 | B11: Lejet værelse | C11: 7 | D11: Træpillefyr | F11: 7 | G11: Mellem - skadefri i 5 år eller mere (elite) | I11: Mellem - skadefri i 5 år eller mere (elite) | K11: Mellem - skadefri i 5 år eller mere (elite)
F12: 8 | G12: Stor - skadefri i 0-2 år | I12: Stor - skadefri i 0-2 år | K12: Stor - skadefri i 0-2 år
B13: Valgt: | F13: 9 | G13: Stor - skadefri i 3-4 år | I13: Stor - skadefri i 3-4 år | K13: Stor - skadefri i 3-4 år
B14: =IF(B3=1,B5,IF(B3=2,B6,IF(B3=3,B7,IF(B3=4,B8,IF(B3=5,B9,IF(B3=6,B10,IF(B3=7,B11,""))))))) -> Alle boliger | F14: 10 | G14: Stor - skadefri i 5 år eller mere (elite) | I14: Stor - skadefri i 5 år eller mere (elite) | K14: Stor - skadefri i 5 år eller mere (elite)
F15: 11 | G15: Meget stor - skadefri i 0-2 år | I15: Meget stor - skadefri i 0-2 år | K15: Meget stor - skadefri i 0-2 år
F16: 12 | G16: Meget stor - skadefri i 3-4 år | I16: Meget stor - skadefri i 3-4 år | K16: Meget stor - skadefri i 3-4 år
F17: 13 | G17: Meget stor- skadefri i 5 år eller mere (elite) | I17: Meget stor- skadefri i 5 år eller mere (elite) | K17: Meget stor- skadefri i 5 år eller mere (elite)
E18: Ingen bil | H18: =IF(G3=1,0,0) -> 0 | J18: =IF(I3=1,0,0) -> 0 | L18: =IF(K3=1,0,0) -> 0
E19: Små biler i alt | F19: =SUM(H19:L19) -> 0 | H19: =IF(AND(G3>1,G3<5),1,0) -> 0 | J19: =IF(AND(I3>1,I3<5),1,0) -> 0 | L19: =IF(AND(K3>1,K3<5),1,0) -> 0
E20: Mellem i alt | F20: =SUM(H20:L20) -> 0 | H20: =IF(AND(G3>4,G3<8),1,0) -> 0 | J20: =IF(AND(I3>4,I3<8),1,0) -> 0 | L20: =IF(AND(K3>4,K3<8),1,0) -> 0
E21: Stor i alt | F21: =SUM(H21:L21) -> 0 | H21: =IF(AND(G3>7,G3<11),1,0) -> 0 | J21: =IF(AND(I3>7,I3<11),1,0) -> 0 | L21: =IF(AND(K3>7,K3<11),1,0) -> 0
E22: Meget stor i alt | F22: =SUM(H22:L22) -> 0 | H22: =IF(AND(G3>10,G3<=13),1,0) -> 0 | J22: =IF(AND(I3>10,I3<=13),1,0) -> 0 | L22: =IF(AND(K3>10,K3<=13),1,0) -> 0
G24: Valgte forsikring for bil 1 i K-data | H24: =VLOOKUP(Dialog!M3,Kommunedata!B4:AK101,H3) -> 0 | I24: K-data | J24: =VLOOKUP(Dialog!M3,Kommunedata!B4:AK101,J3) -> 0 | K24: =I24 -> K-data | L24: =VLOOKUP(Dialog!M3,Kommunedata!B4:AK101,L3) -> 0
G26: Kolonnenummer for K-data2 | H26: =H3-1 -> 23 | I26: =G26 -> Kolonnenummer for K-data2 | J26: =J3-1 -> 23 | K26: =I26 -> Kolonnenummer for K-data2 | L26: =L3-1 -> 23
G27: Valgte forsikring for bil 1 i K-data2 | H27: =VLOOKUP(Dialog!N3,Kommunedata2!C4:AK101,H26) -> 0 | I27: K-data2 | J27: =VLOOKUP(Dialog!N3,Kommunedata2!C4:AK101,J26) -> 0 | K27: =I27 -> K-data2 | L27: =VLOOKUP(Dialog!N3,Kommunedata2!C4:AK101,L26) -> 0

Sheet DS-tal-alle
A1: Husstandenes årlige forbrug efter tid, husstandsgrupper, forbrugsart og prisenhed
A2: Enhed: kr. pr. husstand | E2: 2018 | F2: 2016
A3: 2016-FU51 | D3: ALLE HUSSTANDSTYPER | F3: Enlige under 60 år uden børn | G3: Enlige med børn | H3: 2 voksne, hovedperson under 60 år uden børn | I3: 2 voksne med børn | L3: Alle | M3: <150.000 | N3: 150.000-299.999 | O3: 300.000-499.999 | P3: 500.000-799.999 | Q3: >800.000
B4: ALLE HUSSTANDSTYPER | C4: 213 Antal husstande i undersøgelsen | D4: 2194 | F4: 384 | G4: 86 | H4: 368 | I4: 429 | K4: Husstande i undersøgelsen (antal) | L4: 2192 | M4: 88 | N4: 321 | O4: 550 | P4: 570 | Q4: 663
C5: 214 Antal husstande i Danmark - tusinder | D5: 2686 | F5: 534.6 | G5: 123.3 | H5: 394.8 | I5: 438 | K5: Husstande i Danmark (1.000) | L5: 2692.6 | M5: 171.1 | N5: 585.7 | O5: 664.1 | P5: 554.7 | Q5: 717
C6: 255 Antal personer i Danmark - tusinder | D6: 5683.5 | F6: 534.6 | G6: 305.4 | H6: 789.7 | I6: 1730.4 | K6: Personer i Danmark (1.000) | L6: 5683.4 | M6: 196.4 | N6: 696.4 | O6: 1170.7 | P6: 1312 | Q6: 2307.9
C7: 2 Antal personer i husstanden | D7: 2.1 | F7: 1 | G7: 2.5 | H7: 2 | I7: 4 | K7: Personer i husstanden (antal) | L7: 2.1 | M7: 1.1 | N7: 1.2 | O7: 1.8 | P7: 2.4 | Q7: 3.2
C8: 251 Antal voksne i husstanden | D8: 1.7 | F8: 1 | G8: 1 | H8: 2 | I8: 2 | K8: Voksne i husstanden (antal) | L8: 1.7 | M8: 1.1 | N8: 1.1 | O8: 1.5 | P8: 1.9 | Q8: 2.3
C9: 252 Antal børn i husstandne | D9: 0.4 | F9: 0 | G9: 1.5 | H9: 0 | I9: 2 | K9: Børn i husstanden (antal) | L9: 0.4 | M9: 0.1 | N9: 0.1 | O9: 0.3 | P9: 0.5 | Q9: 0.9
C10: 250 Andel af boligejere i husstanden | D10: 0.5 | F10: 0.2 | G10: 0.2 | H10: 0.5 | I10: 0.7 | K10: Andel af boligejere i husstanden (procent) | L10: 0.5 | M10: 0.1 | N10: 0.2 | O10: 0.4 | P10: 0.6 | Q10: 0.9
C11: 253 Andel med kvindelig hovedperson | D11: 0.4 | F11: 0.4 | G11: 0.9 | H11: 0.4 | I11: 0.3 | K11: Andel med kvindelig hovedperson (procent) | L11: 0.4 | M11: 0.5 | N11: 0.6 | O11: 0.5 | P11: 0.4 | Q11: 0.3
C12: 254 Alder på hovedpersonen i husstanden | D12: 52.3 | F12: 37.9 | G12: 39.1 | H12: 42.1 | I12: 40.5 | K12: Alder på hovedpersonen i husstanden | L12: 52.1 | M12: 31.2 | N12: 58.9 | O12: 55.7 | P12: 50.5 | Q12: 49.5
C13: 261 Antal forbrugsenheder | D13: 1.5 | F13: 1 | G13: 1.5 | H13: 1.5 | I13: 2.1 | K13: Forbrugsenheder (antal) | L13: 1.5 | M13: 1.1 | N13: 1.1 | O13: 1.3 | P13: 1.6 | Q13: 2
C14: 307 Areal til beboelse, m2 | D14: 112.7 | F14: 75.1 | G14: 106.8 | H14: 113.9 | I14: 135.6 | K14: Areal til beboelse (m2) | L14: 112.9 | M14: 71.6 | N14: 82.9 | O14: 100 | P14: 120.7 | Q14: 153.3
C15: 314 Opførelsesår | D15: 1953.7 | F15: 1948.5 | G15: 1956.4 | H15: 1949.3 | I15: 1952.3 | K15: Opførelsesår | L15: 1953.5 | M15: 1951.6 | N15: 1956.7 | O15: 1954.6 | P15: 1954.3 | Q15: 1949.8
C16: FORBRUG I ALT | D16: 300480.3 | F16: 183861.1 | G16: 246764.4 | H16: 330719.8 | I16: 417210.8 | K16: FORBRUG I ALT | L16: 299116 | M16: 138418 | N16: 169475.2 | O16: 241315.7 | P16: 319664.1 | Q16: 481023.5
C17: 01 FØDEVARER OG IKKE-ALKOHOLISKE DRIKKEVARER | D17: =E17 -> 38606 | E17: 38606 | F17: 20252.9 | G17: 34015.5 | H17: 39231 | I17: 55719.1 | K17: 01 FØDEVARER OG IKKE-ALKOHOLISKE DRIKKEVARER | L17: 36304 | M17: 19163.5 | N17: 20592.6 | O17: 30126.9 | P17: 40326.9 | Q17: 55840.1
C18: 01.1.1.1 Ris | D18: =E18 -> 154 | E18: 154 | F18: 64.6 | G18: 123.2 | H18: 159.8 | I18: 321.2 | K18: 01.1.1.1 Ris | L18: 143.8 | M18: 81.9 | N18: 64.4 | O18: 182.4 | P18: 152.2 | Q18: 181.3
C19: 01.1.1.2 Mel og gryn | D19: =E19 -> 116 | E19: 116 | F19: 43.6 | G19: 104.8 | H19: 129.3 | I19: 209.4 | K19: 01.1.1.2 Mel og gryn | L19: 120.4 | M19: 31 | N19: 64.6 | O19: 106.1 | P19: 131.1 | Q19: 192.2
C20: 01.1.1.3 Brød | D20: =E20 -> 2140 | E20: 2140 | F20: 1245 | G20: 1982.7 | H20: 2309.4 | I20: 3307.4 | K20: 01.1.1.3 Brød | L20: 2234.9 | M20: 1142.2 | N20: 1274.1 | O20: 1841.7 | P20: 2364 | Q20: 3544.9
C21: 01.1.1.4 Andet bagværk | D21: =E21 -> 1487 | E21: 1487 | F21: 731.1 | G21: 1064.6 | H21: 1467.4 | I21: 1922.6 | K21: 01.1.1.4 Andet bagværk | L21: 1384.3 | M21: 710.5 | N21: 871.9 | O21: 1176.6 | P21: 1515 | Q21: 2055.1
C22: 01.1.1.5 Pizza og quiche | D22: =E22 -> 156 | E22: 156 | F22: 166.2 | G22: 310.3 | H22: 140.3 | I22: 249.3 | K22: 01.1.1.5 Pizza og quiche | L22: 165 | M22: 233.4 | N22: 117.8 | O22: 166.4 | P22: 174 | Q22: 178.8
C23: 01.1.1.6 Pastaprodukter og couscous | D23: =E23 -> 363 | E23: 363 | F23: 241.9 | G23: 433.4 | H23: 341.8 | I23: 646.8 | K23: 01.1.1.6 Pastaprodukter og couscous | L23: 364.1 | M23: 196.4 | N23: 157.7 | O23: 257 | P23: 482 | Q23: 580.8
C24: 01.1.1.7 Morgenmadsprodukter | D24: =E24 -> 393 | E24: 393 | F24: 191.5 | G24: 448.4 | H24: 326.5 | I24: 823.6 | K24: 01.1.1.7 Morgenmadsprodukter | L24: 387.7 | M24: 229 | N24: 174.3 | O24: 285.6 | P24: 373.5 | Q24: 705.5
C25: 01.1.1.8 Andre kornprodukter | D25: =E25 -> 170 | E25: 170 | F25: 102.6 | G25: 216.7 | H25: 198.6 | I25: 264.9 | K25: 01.1.1.8 Andre kornprodukter | L25: 174.6 | M25: 113.6 | N25: 89.3 | O25: 129.8 | P25: 198.1 | Q25: 282.2
C26: 01.1.2.1 Okse- og kalvekød | D26: =E26 -> 2198 | E26: 2198 | F26: 1238.9 | G26: 1856.8 | H26: 2721.5 | I26: 3377.1 | K26: 01.1.2.1 Okse- og kalvekød | L26: 2203.3 | M26: 1021.9 | N26: 982.9 | O26: 1909 | P26: 2529.6 | Q26: 3502.5
C27: 01.1.2.2 Svinekød | D27: =E27 -> 1112 | E27: 1112 | F27: 522.3 | G27: 877.1 | H27: 1168.7 | I27: 1405.2 | K27: 01.1.2.2 Svinekød | L27: 1108.9 | M27: 378 | N27: 556.6 | O27: 1029.7 | P27: 1471.7 | Q27: 1527.1
C28: 01.1.2.3 Lamme- og gedekød | D28: =E28 -> 144 | E28: 144 | F28: 43.1 | G28: 32.3 | H28: 211 | I28: 227.8 | K28: 01.1.2.3 Lamme- og gedekød | L28: 162 | M28: 79 | N28: 65 | O28: 101.1 | P28: 218.1 | Q28: 274
... C309: 12.7.0.3 Begravelsestjenester | D309: =E309 -> 264 | E309: 264 | F309: 34.1 | G309: 0 | H309: 76 | I309: 81.4 | K309: 12.7.0.3 Begravelsestjenester | L309: 286.4 | M309: 827.9 | N309: 729.3 | O309: 139.4 | P309: 75.8 | Q309: 94.5
C310: 12.7.0.4 Øvrige gebyrer og tjenester | D310: =E310 -> 96 | E310: 96 | F310: 28.1 | G310: 678.9 | H310: 39.4 | I310: 18.2 | K310: 12.7.0.4 Andre gebyrer og tjenester | L310: 83.2 | M310: 59.4 | N310: 34.8 | O310: 175.6 | P310: 74.9
B311: Enlige under 60 år uden børn | C311: 213 Antal husstande i undersøgelsen | D311: 384
C312: 214 Antal husstande i Danmark - tusinder | D312: 534.6
C313: 255 Antal personer i Danmark - tusinder | D313: 534.6
C314: 2 Antal personer i husstanden | D314: 1
C315: 251 Antal voksne i husstanden | D315: 1
C316: 252 Antal børn i husstandne | D316: 0
C317: 250 Andel af boligejere i husstanden | D317: 0.2
C318: 253 Andel med kvindelig hovedperson | D318: 0.4
C319: 254 Alder på hovedpersonen i husstanden | D319: 37.9
C320: 261 Antal forbrugsenheder | D320: 1
C321: 307 Areal til beboelse, m2 | D321: 75.1
C322: 314 Opførelsesår | D322: 1948.5
C323: FORBRUG I ALT | D323: 183861.1
... C617: 12.7.0.4 Øvrige gebyrer og tjenester | D617: 28.1
B618: Enlig 60 år og over uden børn | C618: 213 Antal husstande i undersøgelsen | D618: 334
C619: 214 Antal husstande i Danmark - tusinder | D619: 505.2
C620: 255 Antal personer i Danmark - tusinder | D620: 505.2
C621: 2 Antal personer i husstanden | D621: 1
C622: 251 Antal voksne i husstanden | D622: 1
C623: 252 Antal børn i husstandne | D623: 0
C624: 250 Andel af boligejere i husstanden | D624: 0.4
C625: 253 Andel med kvindelig hovedperson | D625: 0.7
C626: 254 Alder på hovedpersonen i husstanden | D626: 74.3
C627: 261 Antal forbrugsenheder | D627: 1
C628: 307 Areal til beboelse, m2 | D628: 91.7
C629: 314 Opførelsesår | D629: 1964
C630: FORBRUG I ALT | D630: 191284.4
... C924: 12.7.0.4 Øvrige gebyrer og tjenester | D924: 64.2
B925: Enlige med børn | C925: 213 Antal husstande i undersøgelsen | D925: 86
C926: 214 Antal husstande i Danmark - tusinder | D926: 123.3
C927: 255 Antal personer i Danmark - tusinder | D927: 305.4
C928: 2 Antal personer i husstanden | D928: 2.5
C929: 251 Antal voksne i husstanden | D929: 1
C930: 252 Antal børn i husstandne | D930: 1.5
C931: 250 Andel af boligejere i husstanden | D931: 0.2
C932: 253 Andel med kvindelig hovedperson | D932: 0.9
C933: 254 Alder på hovedpersonen i husstanden | D933: 39.1
C934: 261 Antal forbrugsenheder | D934: 1.5
C935: 307 Areal til beboelse, m2 | D935: 106.8
C936: 314 Opførelsesår | D936: 1956.4
C937: FORBRUG I ALT | D937: 246764.4
... C1231: 12.7.0.4 Øvrige gebyrer og tjenester | D1231: 678.9
B1232: 2 voksne, hovedperson under 60 år uden børn | C1232: 213 Antal husstande i undersøgelsen | D1232: 368
C1233: 214 Antal husstande i Danmark - tusinder | D1233: 394.8
C1234: 255 Antal personer i Danmark - tusinder | D1234: 789.7
C1235: 2 Antal personer i husstanden | D1235: 2
C1236: 251 Antal voksne i husstanden | D1236: 2
C1237: 252 Antal børn i husstandne | D1237: 0
C1238: 250 Andel af boligejere i husstanden | D1238: 0.5
C1239: 253 Andel med kvindelig hovedperson | D1239: 0.4
C1240: 254 Alder på hovedpersonen i husstanden | D1240: 42.1
C1241: 261 Antal forbrugsenheder | D1241: 1.5
C1242: 307 Areal til beboelse, m2 | D1242: 113.9
C1243: 314 Opførelsesår | D1243: 1949.3
C1244: FORBRUG I ALT | D1244: 330719.8
... C1538: 12.7.0.4 Øvrige gebyrer og tjenester | D1538: 39.4
B1539: 2 voksne, hovedperson 60 år og over uden børn | C1539: 213 Antal husstande i undersøgelsen | D1539: 465
C1540: 214 Antal husstande i Danmark - tusinder | D1540: 433.6
C1541: 255 Antal personer i Danmark - tusinder | D1541: 867.3
C1542: 2 Antal personer i husstanden | D1542: 2
C1543: 251 Antal voksne i husstanden | D1543: 2
C1544: 252 Antal børn i husstandne | D1544: 0
C1545: 250 Andel af boligejere i husstanden | D1545: 0.8
C1546: 253 Andel med kvindelig hovedperson | D1546: 0.3
C1547: 254 Alder på hovedpersonen i husstanden | D1547: 70.6
C1548: 261 Antal forbrugsenheder | D1548: 1.5
C1549: 307 Areal til beboelse, m2 | D1549: 135.2
C1550: 314 Opførelsesår | D1550: 1957.8
C1551: FORBRUG I ALT | D1551: 350331
... C1845: 12.7.0.4 Øvrige gebyrer og tjenester | D1845: 116.4
...

Sheet Kommunedata
B1: 1 | C1: =B1+1 -> 2 | D1: =C1+1 -> 3 | E1: =D1+1 -> 4 | F1: =E1+1 -> 5 | G1: =F1+1 -> 6 | H1: =G1+1 -> 7 | I1: =H1+1 -> 8 | J1: =I1+1 -> 9 | ... AK1: =AJ1+1 -> 36
B2: 2020 | C2: Kommune id | D2: Kommuner | E2: Regioner | F2: Vuggestue | G2: Måneder | H2: Pr. måned | I2: Dagpleje | J2: Måneder | K2: Pr. måned | L2: Børnehave | M2: Måneder | N2: Pr. måned | O2: SFO (0.-3. klasse) | P2: Antal måneder | Q2: Pr. måned | T2: Vand (senest tilgængelige tal) | U2: Vand (senest tilgængelige tal) | V2: Indboforsikring | W2: Husforsikring | Y2: Ingen bil | Z2: Bil 1: Nybegynder | AA2: Bil 1: 3 år skadesfri | AB2: Bil 1: Elitebillist | AC2: Bil 2: Nybegynder | AD2: Bil 2: 3 år skadefri | AE2: Bil 2: Elitebillist | AF2: Bil 3: Nybegynder | AG2: Bil 3: 3 år skadefri | AH2: Bil 3: Elitebillist | AI2: Bil 4: Nybegynder | AJ2: Bil 4: 3 år skadefri | AK2: Bil 4: Elitebillist
D3: Dagpleje takster i 2020 | F3: 0-2 år | I3: 0-2 år | L3: 3-5 år | O3: 6-9 år | T3: Afledning og forbrug pr m3 | U3: Fast vandafgift pr. år | Z3: Lille | AA3: Lille | AB3: Lille | AC3: Mellem | AD3: Mellem | AE3: Mellem | AF3: Stor | AG3: Stor | AH3: Stor | AI3: Meget stor | AJ3: Meget stor | AK3: Meget stor
B4: 1 | C4: 165 | D4: Albertslund | E4: Region Hovedstaden | H4: 3489 | N4: 2001 | Q4: 1673 | T4: =Modeller!$I$115 -> 55.287115 | U4: =Modeller!$J$115 -> 728.43125 | V4: 3434 | W4: 5764 | Z4: 3700 | AA4: 3700 | AB4: 3700 | AC4: 4700 | AD4: 4700 | AE4: 4700 | AF4: 6000 | AG4: 6000 | AH4: 6000 | AI4: 7500 | AJ4: 7500 | AK4: 7500
B5: =B4+1 -> 2 | C5: 201 | D5: Allerød | E5: Region Hovedstaden | H5: 2894 | N5: 1683 | Q5: 1443 | T5: =Modeller!$I$115 -> 55.287115 | U5: =Modeller!$J$115 -> 728.43125 | V5: 3731 | W5: 6907 | Z5: 3700 | AA5: 3700 | AB5: 3700 | AC5: 4700 | AD5: 4700 | AE5: 4700 | AF5: 6000 | AG5: 6000 | AH5: 6000 | AI5: 7500 | AJ5: 7500 | AK5: 7500
B6: =B5+1 -> 3 | C6: 420 | D6: Assens | E6: Region Syddanmark | H6: 3321 | N6: 1679 | Q6: 1607 | T6: =Modeller!$I$115 -> 55.287115 | U6: =Modeller!$J$115 -> 728.43125 | V6: 2132 | W6: 4941 | Z6: 3700 | AA6: 3700 | AB6: 3700 | AC6: 4700 | AD6: 4700 | AE6: 4700 | AF6: 6000 | AG6: 6000 | AH6: 6000 | AI6: 7500 | AJ6: 7500 | AK6: 7500
B7: =B6+1 -> 4 | C7: 151 | D7: Ballerup | E7: Region Hovedstaden | H7: 3106 | N7: 2070 | Q7: 1350 | T7: =Modeller!$I$115 -> 55.287115 | U7: =Modeller!$J$115 -> 728.43125 | V7: 3222 | W7: 6166 | Z7: 3700 | AA7: 3700 | AB7: 3700 | AC7: 4700 | AD7: 4700 | AE7: 4700 | AF7: 6000 | AG7: 6000 | AH7: 6000 | AI7: 7500 | AJ7: 7500 | AK7: 7500
B8: =B7+1 -> 5 | C8: 530 | D8: Billund | E8: Region Syddanmark | H8: 3112 | N8: 1833 | Q8: 1494 | T8: =Modeller!$I$115 -> 55.287115 | U8: =Modeller!$J$115 -> 728.43125 | V8: 2771 | W8: 5279 | Z8: 3700 | AA8: 3700 | AB8: 3700 | AC8: 4700 | AD8: 4700 | AE8: 4700 | AF8: 6000 | AG8: 6000 | AH8: 6000 | AI8: 7500 | AJ8: 7500 | AK8: 7500
B9: =B8+1 -> 6 | C9: 400 | D9: Bornholm | E9: Region Hovedstaden | H9: 2656 | N9: 1675 | Q9: 1404 | T9: =Modeller!$I$115 -> 55.287115 | U9: =Modeller!$J$115 -> 728.43125 | V9: 2247 | W9: 5283 | Z9: 3700 | AA9: 3700 | AB9: 3700 | AC9: 4700 | AD9: 4700 | AE9: 4700 | AF9: 6000 | AG9: 6000 | AH9: 6000 | AI9: 7500 | AJ9: 7500 | AK9: 7500
B10: =B9+1 -> 7 | C10: 153 | D10: Brøndby | E10: Region Hovedstaden | H10: 3265 | N10: 1834 | Q10: 1509 | T10: =Modeller!$I$115 -> 55.287115 | U10: =Modeller!$J$115 -> 728.43125 | V10: 3768 | W10: 5920 | Z10: 3700 | AA10: 3700 | AB10: 3700 | AC10: 4700 | AD10: 4700 | AE10: 4700 | AF10: 6000 | AG10: 6000 | AH10: 6000 | AI10: 7500 | AJ10: 7500 | AK10: 7500
B11: =B10+1 -> 8 | C11: 810 | D11: Brønderslev | E11: Region Nordjylland | H11: 3024 | N11: 1528 | Q11: 1808 | T11: =Modeller!$I$115 -> 55.287115 | U11: =Modeller!$J$115 -> 728.43125 | V11: 2263 | W11: 5271 | Z11: 3700 | AA11: 3700 | AB11: 3700 | AC11: 4700 | AD11: 4700 | AE11: 4700 | AF11: 6000 | AG11: 6000 | AH11: 6000 | AI11: 7500 | AJ11: 7500 | AK11: 7500
B12: =B11+1 -> 9 | C12: 155 | D12: Dragør | E12: Region Hovedstaden | H12: 3203 | N12: 1605 | Q12: 1506 | T12: =Modeller!$I$115 -> 55.287115 | U12: =Modeller!$J$115 -> 728.43125 | V12: 3193 | W12: 5917 | Z12: 3700 | AA12: 3700 | AB12: 3700 | AC12: 4700 | AD12: 4700 | AE12: 4700 | AF12: 6000 | AG12: 6000 | AH12: 6000 | AI12: 7500 | AJ12: 7500 | AK12: 7500
B13: =B12+1 -> 10 | C13: 240 | D13: Egedal | E13: Region Hovedstaden | H13: 3043 | N13: 1730 | Q13: 1875 | T13: =Modeller!$I$115 -> 55.287115 | U13: =Modeller!$J$115 -> 728.43125 | V13: 3333 | W13: 5891 | Z13: 3700 | AA13: 3700 | AB13: 3700 | AC13: 4700 | AD13: 4700 | AE13: 4700 | AF13: 6000 | AG13: 6000 | AH13: 6000 | AI13: 7500 | AJ13: 7500 | AK13: 7500
B14: =B13+1 -> 11 | C14: 561 | D14: Esbjerg | E14: Region Syddanmark | H14: 2855 | N14: 1597 | Q14: 1811 | T14: =Modeller!$I$115 -> 55.287115 | U14: =Modeller!$J$115 -> 728.43125 | V14: 2844 | W14: 5503 | Z14: 3700 | AA14: 3700 | AB14: 3700 | AC14: 4700 | AD14: 4700 | AE14: 4700 | AF14: 6000 | AG14: 6000 | AH14: 6000 | AI14: 7500 | AJ14: 7500 | AK14: 7500
B15: =B14+1 -> 12 | C15: 563 | D15: Fanø | E15: Region Syddanmark | H15: 2530 | N15: 1682 | Q15: 1008 | T15: =Modeller!$I$115 -> 55.287115 | U15: =Modeller!$J$115 -> 728.43125 | V15: 2783 | W15: 5674 | Z15: 3700 | AA15: 3700 | AB15: 3700 | AC15: 4700 | AD15: 4700 | AE15: 4700 | AF15: 6000 | AG15: 6000 | AH15: 6000 | AI15: 7500 | AJ15: 7500 | AK15: 7500
B16: =B15+1 -> 13 | C16: 710 | D16: Favrskov | E16: Region Midtjylland | H16: 3071 | N16: 1713 | Q16: 1500 | T16: =Modeller!$I$115 -> 55.287115 | U16: =Modeller!$J$115 -> 728.43125 | V16: 2836 | W16: 5465 | Z16: 3700 | AA16: 3700 | AB16: 3700 | AC16: 4700 | AD16: 4700 | AE16: 4700 | AF16: 6000 | AG16: 6000 | AH16: 6000 | AI16: 7500 | AJ16: 7500 | AK16: 7500
... B75: =B74+1 -> 72 | C75: 175 | D75: Rødovre | E75: Region Hovedstaden | H75: 3241 | N75: 1793 | Q75: 1616 | T75: =Modeller!$I$115 -> 55.287115 | U75: =Modeller!$J$115 -> 728.43125 | V75: 3723 | W75: 5681 | Z75: 3700 | AA75: 3700 | AB75: 3700 | AC75: 4700 | AD75: 4700 | AE75: 4700 | AF75: 6000 | AG75: 6000 | AH75: 6000 | AI75: 7500 | AJ75: 7500 | AK75: 7500
B76: =B75+1 -> 73 | C76: 741 | D76: Samsø | E76: Region Midtjylland | N76: 1911 | Q76: 1467 | T76: =Modeller!$I$115 -> 55.287115 | U76: =Modeller!$J$115 -> 728.43125 | V76: 2593 | W76: 5248 | Z76: 3700 | AA76: 3700 | AB76: 3700 | AC76: 4700 | AD76: 4700 | AE76: 4700 | AF76: 6000 | AG76: 6000 | AH76: 6000 | AI76: 7500 | AJ76: 7500 | AK76: 7500
B77: =B76+1 -> 74 | C77: 740 | D77: Silkeborg | E77: Region Midtjylland | H77: 3007 | N77: 1659 | Q77: 1728 | T77: =Modeller!$I$115 -> 55.287115 | U77: =Modeller!$J$115 -> 728.43125 | V77: 2808 | W77: 5131 | Z77: 3700 | AA77: 3700 | AB77: 3700 | AC77: 4700 | AD77: 4700 | AE77: 4700 | AF77: 6000 | AG77: 6000 | AH77: 6000 | AI77: 7500 | AJ77: 7500 | AK77: 7500
B78: =B77+1 -> 75 | C78: 746 | D78: Skanderborg | E78: Region Midtjylland | H78: 3002 | N78: 1643 | Q78: 1666 | T78: =Modeller!$I$115 -> 55.287115 | U78: =Modeller!$J$115 -> 728.43125 | V78: 2736 | W78: 5388 | Z78: 3700 | AA78: 3700 | AB78: 3700 | AC78: 4700 | AD78: 4700 | AE78: 4700 | AF78: 6000 | AG78: 6000 | AH78: 6000 | AI78: 7500 | AJ78: 7500 | AK78: 7500
B79: =B78+1 -> 76 | C79: 779 | D79: Skive | E79: Region Midtjylland | H79: 3365 | N79: 1816 | Q79: 1673 | T79: =Modeller!$I$115 -> 55.287115 | U79: =Modeller!$J$115 -> 728.43125 | V79: 2588 | W79: 5493 | Z79: 3700 | AA79: 3700 | AB79: 3700 | AC79: 4700 | AD79: 4700 | AE79: 4700 | AF79: 6000 | AG79: 6000 | AH79: 6000 | AI79: 7500 | AJ79: 7500 | AK79: 7500
B80: =B79+1 -> 77 | C80: 330 | D80: Slagelse | E80: Region Sjælland | H80: 2951 | N80: 1405 | Q80: 1438 | T80: =Modeller!$I$115 -> 55.287115 | U80: =Modeller!$J$115 -> 728.43125 | V80: 2816 | W80: 5821 | Z80: 3700 | AA80: 3700 | AB80: 3700 | AC80: 4700 | AD80: 4700 | AE80: 4700 | AF80: 6000 | AG80: 6000 | AH80: 6000 | AI80: 7500 | AJ80: 7500 | AK80: 7500
B81: =B80+1 -> 78 | C81: 269 | D81: Solrød | E81: Region Sjælland | H81: 3086 | N81: 1603 | Q81: 1843 | T81: =Modeller!$I$115 -> 55.287115 | U81: =Modeller!$J$115 -> 728.43125 | V81: 3655 | W81: 6253 | Z81: 3700 | AA81: 3700 | AB81: 3700 | AC81: 4700 | AD81: 4700 | AE81: 4700 | AF81: 6000 | AG81: 6000 | AH81: 6000 | AI81: 7500 | AJ81: 7500 | AK81: 7500
B82: =B81+1 -> 79 | C82: 340 | D82: Sorø | E82: Region Sjælland | H82: 2776 | N82: 1616 | Q82: 1380 | T82: =Modeller!$I$115 -> 55.287115 | U82: =Modeller!$J$115 -> 728.43125 | V82: 2367 | W82: 5007 | Z82: 3700 | AA82: 3700 | AB82: 3700 | AC82: 4700 | AD82: 4700 | AE82: 4700 | AF82: 6000 | AG82: 6000 | AH82: 6000 | AI82: 7500 | AJ82: 7500 | AK82: 7500
B83: =B82+1 -> 80 | C83: 336 | D83: Stevns | E83: Region Sjælland | H83: 3176 | N83: 1831 | Q83: 1765 | T83: =Modeller!$I$115 -> 55.287115 | U83: =Modeller!$J$115 -> 728.43125 | V83: 3356 | W83: 5911 | Z83: 3700 | AA83: 3700 | AB83: 3700 | AC83: 4700 | AD83: 4700 | AE83: 4700 | AF83: 6000 | AG83: 6000 | AH83: 6000 | AI83: 7500 | AJ83: 7500 | AK83: 7500
B84: =B83+1 -> 81 | C84: 671 | D84: Struer | E84: Region Midtjylland | H84: 3325 | N84: 1704 | Q84: 1669 | T84: =Modeller!$I$115 -> 55.287115 | U84: =Modeller!$J$115 -> 728.43125 | V84: 2377 | W84: 5413 | Z84: 3700 | AA84: 3700 | AB84: 3700 | AC84: 4700 | AD84: 4700 | AE84: 4700 | AF84: 6000 | AG84: 6000 | AH84: 6000 | AI84: 7500 | AJ84: 7500 | AK84: 7500
B85: =B84+1 -> 82 | C85: 479 | D85: Svendborg | E85: Region Syddanmark | H85: 3149 | N85: 1741 | Q85: 1565 | T85: =Modeller!$I$115 -> 55.287115 | U85: =Modeller!$J$115 -> 728.43125 | V85: 2568 | W85: 5338 | Z85: 3700 | AA85: 3700 | AB85: 3700 | AC85: 4700 | AD85: 4700 | AE85: 4700 | AF85: 6000 | AG85: 6000 | AH85: 6000 | AI85: 7500 | AJ85: 7500 | AK85: 7500
B86: =B85+1 -> 83 | C86: 706 | D86: Syddjurs | E86: Region Midtjylland | H86: 2868 | N86: 1580 | Q86: 1654 | T86: =Modeller!$I$115 -> 55.287115 | U86: =Modeller!$J$115 -> 728.43125 | V86: 3173 | W86: 4993 | Z86: 3700 | AA86: 3700 | AB86: 3700 | AC86: 4700 | AD86: 4700 | AE86: 4700 | AF86: 6000 | AG86: 6000 | AH86: 6000 | AI86: 7500 | AJ86: 7500 | AK86: 7500
B87: =B86+1 -> 84 | C87: 540 | D87: Sønderborg | E87: Region Syddanmark | H87: 2373 | N87: 1995 | Q87: 1866 | T87: =Modeller!$I$115 -> 55.287115 | U87: =Modeller!$J$115 -> 728.43125 | V87: 2992 | W87: 5958 | Z87: 3700 | AA87: 3700 | AB87: 3700 | AC87: 4700 | AD87: 4700 | AE87: 4700 | AF87: 6000 | AG87: 6000 | AH87: 6000 | AI87: 7500 | AJ87: 7500 | AK87: 7500
B88: =B87+1 -> 85 | C88: 787 | D88: Thisted | E88: Region Nordjylland | H88: 3494 | N88: 1747 | Q88: 1490 | T88: =Modeller!$I$115 -> 55.287115 | U88: =Modeller!$J$115 -> 728.43125 | V88: 2328 | W88: 5293 | Z88: 3700 | AA88: 3700 | AB88: 3700 | AC88: 4700 | AD88: 4700 | AE88: 4700 | AF88: 6000 | AG88: 6000 | AH88: 6000 | AI88: 7500 | AJ88: 7500 | AK88: 7500
... B97: =B96+1 -> 94 | C97: 390 | D97: Vordingborg | E97: Region Sjælland | H97: 2805 | N97: 1626 | Q97: 917 | T97: =Modeller!$I$115 -> 55.287115 | U97: =Modeller!$J$115 -> 728.43125 | V97: 2740 | W97: 5191 | Z97: 3700 | AA97: 3700 | AB97: 3700 | AC97: 4700 | AD97: 4700 | AE97: 4700 | AF97: 6000 | AG97: 6000 | AH97: 6000 | AI97: 7500 | AJ97: 7500 | AK97: 7500
B98: =B97+1 -> 95 | C98: 492 | D98: Ærø | E98: Region Syddanmark | H98: 2830 | N98: 2246 | T98: =Modeller!$I$115 -> 55.287115 | U98: =Modeller!$J$115 -> 728.43125 | V98: 2140 | W98: 5028 | Z98: 3700 | AA98: 3700 | AB98: 3700 | AC98: 4700 | AD98: 4700 | AE98: 4700 | AF98: 6000 | AG98: 6000 | AH98: 6000 | AI98: 7500 | AJ98: 7500 | AK98: 7500
B99: =B98+1 -> 96 | C99: 580 | D99: Aabenraa | E99: Region Syddanmark | H99: 3057 | N99: 1747 | Q99: 1622 | T99: =Modeller!$I$115 -> 55.287115 | U99: =Modeller!$J$115 -> 728.43125 | V99: 2779 | W99: 6040 | Z99: 3700 | AA99: 3700 | AB99: 3700 | AC99: 4700 | AD99: 4700 | AE99: 4700 | AF99: 6000 | AG99: 6000 | AH99: 6000 | AI99: 7500 | AJ99: 7500 | AK99: 7500
B100: =B99+1 -> 97 | C100: 851 | D100: Aalborg | E100: Region Nordjylland | H100: 3181 | N100: 1829 | Q100: 1528 | T100: =Modeller!$I$115 -> 55.287115 | U100: =Modeller!$J$115 -> 728.43125 | V100: 3653 | W100: 5689 | Z100: 3700 | AA100: 3700 | AB100: 3700 | AC100: 4700 | AD100: 4700 | AE100: 4700 | AF100: 6000 | AG100: 6000 | AH100: 6000 | AI100: 7500 | AJ100: 7500 | AK100: 7500
B101: =B100+1 -> 98 | C101: 751 | D101: Aarhus | E101: Region Midtjylland | H101: 3401 | N101: 1738 | Q101: 1674 | T101: =Modeller!$I$115 -> 55.287115 | U101: =Modeller!$J$115 -> 728.43125 | V101: 2971 | W101: 5846 | Z101: 3700 | AA101: 3700 | AB101: 3700 | AC101: 4700 | AD101: 4700 | AE101: 4700 | AF101: 6000 | AG101: 6000 | AH101: 6000 | AI101: 7500 | AJ101: 7500 | AK101: 7500
T103: =SUM(T4:T101)/98 -> 55.287115

Sheet Kommunedata2
B1: 1 | C1: 2 | D1: 3 | E1: 4 | F1: 5 | G1: 6 | H1: 7 | I1: 8 | J1: 9 | K1: 10 | L1: 11 | M1: 12 | N1: 13 | O1: 14 | P1: 15 | Q1: 16 | R1: 17 | S1: 18 | T1: 19 | U1: 20 | V1: 21 | W1: 22 | X1: 23 | Y1: 24 | Z1: 25 | AA1: 26 | AB1: 27 | AC1: 28 | AD1: 29 | AE1: 30 | AF1: 31 | AG1: 32 | AH1: 33 | AI1: 34 | AJ1: 35 | AK1: 36
B2: 2020 | C2: Kommune id | D2: Kommuner | E2: Regioner | F2: Vuggestue | G2: Måneder | H2: Pr. måned | I2: Dagpleje | J2: Måneder | K2: Pr. måned | L2: Børnehave | M2: Måneder | N2: Pr. måned | O2: SFO (0.-3. klasse) | P2: Antal måneder | Q2: Pr. måned | T2: Vand (senest tilgængelige tal) | U2: Vand (senest tilgængelige tal) | V2: Indboforsikring | W2: Husforsikring | Y2: Ingen bil | Z2: Bil 1: Nybegynder | AA2: Bil 1: 3 år skadesfri | AB2: Bil 1: Elitebillist | AC2: Bil 2: Nybegynder | AD2: Bil 2: 3 år skadefri | AE2: Bil 2: Elitebillist | AF2: Bil 3: Nybegynder | AG2: Bil 3: 3 år skadefri | AH2: Bil 3: Elitebillist | AI2: Bil 4: Nybegynder | AJ2: Bil 4: 3 år skadefri | AK2: Bil 4: Elitebillist
D3: Dagpleje takster i 2020 | F3: 0-2 år | I3: 0-2 år | L3: 3-5 år | O3: 6-9 år | T3: Afledning og forbrug pr m3 | U3: Fast vandafgift pr. år | Z3: Lille | AA3: Lille | AB3: Lille | AC3: Mellem | AD3: Mellem | AE3: Mellem | AF3: Stor | AG3: Stor | AH3: Stor | AI3: Meget stor | AJ3: Meget stor | AK3: Meget stor
B4: 48 | C4: 101 | D4: København | E4: Region Hovedstaden | H4: 3087 | N4: 1783 | Q4: 927 | T4: 55.287115 | U4: 728.43125 | V4: 3606 | W4: 5972 | Z4: 3700 | AA4: 3700 | AB4: 3700 | AC4: 4700 | AD4: 4700 | AE4: 4700 | AF4: 6000 | AG4: 6000 | AH4: 6000 | AI4: 7500 | AJ4: 7500 | AK4: 7500
B5: 17 | C5: 147 | D5: Frederiksberg | E5: Region Hovedstaden | H5: 3068 | N5: 1703 | Q5: 1847 | T5: 55.287115 | U5: 728.43125 | V5: 3644 | W5: 5761 | Z5: 3700 | AA5: 3700 | AB5: 3700 | AC5: 4700 | AD5: 4700 | AE5: 4700 | AF5: 6000 | AG5: 6000 | AH5: 6000 | AI5: 7500 | AJ5: 7500 | AK5: 7500
B6: 4 | C6: 151 | D6: Ballerup | E6: Region Hovedstaden | H6: 3106 | N6: 2070 | Q6: 1350 | T6: 55.287115 | U6: 728.43125 | V6: 3222 | W6: 6166 | Z6: 3700 | AA6: 3700 | AB6: 3700 | AC6: 4700 | AD6: 4700 | AE6: 4700 | AF6: 6000 | AG6: 6000 | AH6: 6000 | AI6: 7500 | AJ6: 7500 | AK6: 7500
B7: 7 | C7: 153 | D7: Brøndby | E7: Region Hovedstaden | H7: 3265 | N7: 1834 | Q7: 1509 | T7: 55.287115 | U7: 728.43125 | V7: 3768 | W7: 5920 | Z7: 3700 | AA7: 3700 | AB7: 3700 | AC7: 4700 | AD7: 4700 | AE7: 4700 | AF7: 6000 | AG7: 6000 | AH7: 6000 | AI7: 7500 | AJ7: 7500 | AK7: 7500
B8: 9 | C8: 155 | D8: Dragør | E8: Region Hovedstaden | H8: 3203 | N8: 1605 | Q8: 1506 | T8: 55.287115 | U8: 728.43125 | V8: 3193 | W8: 5917 | Z8: 3700 | AA8: 3700 | AB8: 3700 | AC8: 4700 | AD8: 4700 | AE8: 4700 | AF8: 6000 | AG8: 6000 | AH8: 6000 | AI8: 7500 | AJ8: 7500 | AK8: 7500
B9: 22 | C9: 157 | D9: Gentofte | E9: Region Hovedstaden | H9: 3212 | N9: 1692 | Q9: 1724 | T9: 55.287115 | U9: 728.43125 | V9: 3536 | W9: 6618 | Z9: 3700 | AA9: 3700 | AB9: 3700 | AC9: 4700 | AD9: 4700 | AE9: 4700 | AF9: 6000 | AG9: 6000 | AH9: 6000 | AI9: 7500 | AJ9: 7500 | AK9: 7500
B10: 23 | C10: 159 | D10: Gladsaxe | E10: Region Hovedstaden | H10: 3440 | N10: 2070 | Q10: 1616 | T10: 55.287115 | U10: 728.43125 | V10: 3689 | W10: 6142 | Z10: 3700 | AA10: 3700 | AB10: 3700 | AC10: 4700 | AD10: 4700 | AE10: 4700 | AF10: 6000 | AG10: 6000 | AH10: 6000 | AI10: 7500 | AJ10: 7500 | AK10: 7500
B11: 24 | C11: 161 | D11: Glostrup | E11: Region Hovedstaden | H11: 3348 | N11: 1644 | Q11: 1314 | T11: 55.287115 | U11: 728.43125 | V11: 3434 | W11: 5764 | Z11: 3700 | AA11: 3700 | AB11: 3700 | AC11: 4700 | AD11: 4700 | AE11: 4700 | AF11: 6000 | AG11: 6000 | AH11: 6000 | AI11: 7500 | AJ11: 7500 | AK11: 7500
B12: 32 | C12: 163 | D12: Herlev | E12: Region Hovedstaden | H12: 2981 | N12: 1938 | Q12: 1730 | T12: 55.287115 | U12: 728.43125 | V12: 3488 | W12: 5617 | Z12: 3700 | AA12: 3700 | AB12: 3700 | AC12: 4700 | AD12: 4700 | AE12: 4700 | AF12: 6000 | AG12: 6000 | AH12: 6000 | AI12: 7500 | AJ12: 7500 | AK12: 7500
B13: 1 | C13: 165 | D13: Albertslund | E13: Region Hovedstaden | H13: 3489 | N13: 2001 | Q13: 1673 | T13: 55.287115 | U13: 728.43125 | V13: 3434 | W13: 5764 | Z13: 3700 | AA13: 3700 | AB13: 3700 | AC13: 4700 | AD13: 4700 | AE13: 4700 | AF13: 6000 | AG13: 6000 | AH13: 6000 | AI13: 7500 | AJ13: 7500 | AK13: 7500
B14: 39 | C14: 167 | D14: Hvidovre | E14: Region Hovedstaden | H14: 2896 | N14: 1987 | Q14: 1304 | T14: 55.287115 | U14: 728.43125 | V14: 3610 | W14: 6198 | Z14: 3700 | AA14: 3700 | AB14: 3700 | AC14: 4700 | AD14: 4700 | AE14: 4700 | AF14: 6000 | AG14: 6000 | AH14: 6000 | AI14: 7500 | AJ14: 7500 | AK14: 7500
B15: 40 | C15: 169 | D15: Høje-Taastrup | E15: Region Hovedstaden | H15: 3238 | N15: 1794 | Q15: 1477 | T15: 55.287115 | U15: 728.43125 | V15: 3210 | W15: 6209 | Z15: 3700 | AA15: 3700 | AB15: 3700 | AC15: 4700 | AD15: 4700 | AE15: 4700 | AF15: 6000 | AG15: 6000 | AH15: 6000 | AI15: 7500 | AJ15: 7500 | AK15: 7500
... B58: 50 | C58: 482 | D58: Langeland | E58: Region Syddanmark | H58: 2558 | N58: 2278 | Q58: 1890 | T58: 55.287115 | U58: 728.43125 | V58: 2370 | W58: 4935 | Z58: 3700 | AA58: 3700 | AB58: 3700 | AC58: 4700 | AD58: 4700 | AE58: 4700 | AF58: 6000 | AG58: 6000 | AH58: 6000 | AI58: 7500 | AJ58: 7500 | AK58: 7500
B59: 95 | C59: 492 | D59: Ærø | E59: Region Syddanmark | H59: 2830 | N59: 2246 | T59: 55.287115 | U59: 728.43125 | V59: 2140 | W59: 5028 | Z59: 3700 | AA59: 3700 | AB59: 3700 | AC59: 4700 | AD59: 4700 | AE59: 4700 | AF59: 6000 | AG59: 6000 | AH59: 6000 | AI59: 7500 | AJ59: 7500 | AK59: 7500
B60: 28 | C60: 510 | D60: Haderslev | E60: Region Syddanmark | H60: 2854 | N60: 1832 | Q60: 1634 | T60: 55.287115 | U60: 728.43125 | V60: 3223 | W60: 5724 | Z60: 3700 | AA60: 3700 | AB60: 3700 | AC60: 4700 | AD60: 4700 | AE60: 4700 | AF60: 6000 | AG60: 6000 | AH60: 6000 | AI60: 7500 | AJ60: 7500 | AK60: 7500
B61: 5 | C61: 530 | D61: Billund | E61: Region Syddanmark | H61: 3112 | N61: 1833 | Q61: 1494 | T61: 55.287115 | U61: 728.43125 | V61: 2771 | W61: 5279 | Z61: 3700 | AA61: 3700 | AB61: 3700 | AC61: 4700 | AD61: 4700 | AE61: 4700 | AF61: 6000 | AG61: 6000 | AH61: 6000 | AI61: 7500 | AJ61: 7500 | AK61: 7500
B62: 84 | C62: 540 | D62: Sønderborg | E62: Region Syddanmark | H62: 2373 | N62: 1995 | Q62: 1866 | T62: 55.287115 | U62: 728.43125 | V62: 2992 | W62: 5958 | Z62: 3700 | AA62: 3700 | AB62: 3700 | AC62: 4700 | AD62: 4700 | AE62: 4700 | AF62: 6000 | AG62: 6000 | AH62: 6000 | AI62: 7500 | AJ62: 7500 | AK62: 7500
B63: 86 | C63: 550 | D63: Tønder | E63: Region Syddanmark | H63: 2663 | N63: 1926 | Q63: 1775 | T63: 55.287115 | U63: 728.43125 | V63: 2567 | W63: 5400 | Z63: 3700 | AA63: 3700 | AB63: 3700 | AC63: 4700 | AD63: 4700 | AE63: 4700 | AF63: 6000 | AG63: 6000 | AH63: 6000 | AI63: 7500 | AJ63: 7500 | AK63: 7500
B64: 11 | C64: 561 | D64: Esbjerg | E64: Region Syddanmark | H64: 2855 | N64: 1597 | Q64: 1811 | T64: 55.287115 | U64: 728.43125 | V64: 2844 | W64: 5503 | Z64: 3700 | AA64: 3700 | AB64: 3700 | AC64: 4700 | AD64: 4700 | AE64: 4700 | AF64: 6000 | AG64: 6000 | AH64: 6000 | AI64: 7500 | AJ64: 7500 | AK64: 7500
B65: 12 | C65: 563 | D65: Fanø | E65: Region Syddanmark | H65: 2530 | N65: 1682 | Q65: 1008 | T65: 55.287115 | U65: 728.43125 | V65: 2783 | W65: 5674 | Z65: 3700 | AA65: 3700 | AB65: 3700 | AC65: 4700 | AD65: 4700 | AE65: 4700 | AF65: 6000 | AG65: 6000 | AH65: 6000 | AI65: 7500 | AJ65: 7500 | AK65: 7500
B66: 89 | C66: 573 | D66: Varde | E66: Region Syddanmark | H66: 3062 | N66: 1568 | Q66: 1549 | T66: 55.287115 | U66: 728.43125 | V66: 2747 | W66: 5199 | Z66: 3700 | AA66: 3700 | AB66: 3700 | AC66: 4700 | AD66: 4700 | AE66: 4700 | AF66: 6000 | AG66: 6000 | AH66: 6000 | AI66: 7500 | AJ66: 7500 | AK66: 7500
B67: 90 | C67: 575 | D67: Vejen | E67: Region Syddanmark | H67: 2756 | N67: 1710 | Q67: 1588 | T67: 55.287115 | U67: 728.43125 | V67: 3119 | W67: 5446 | Z67: 3700 | AA67: 3700 | AB67: 3700 | AC67: 4700 | AD67: 4700 | AE67: 4700 | AF67: 6000 | AG67: 6000 | AH67: 6000 | AI67: 7500 | AJ67: 7500 | AK67: 7500
B68: 96 | C68: 580 | D68: Aabenraa | E68: Region Syddanmark | H68: 3057 | N68: 1747 | Q68: 1622 | T68: 55.287115 | U68: 728.43125 | V68: 2779 | W68: 6040 | Z68: 3700 | AA68: 3700 | AB68: 3700 | AC68: 4700 | AD68: 4700 | AE68: 4700 | AF68: 6000 | AG68: 6000 | AH68: 6000 | AI68: 7500 | AJ68: 7500 | AK68: 7500
B69: 16 | C69: 607 | D69: Fredericia | E69: Region Syddanmark | H69: 3263 | N69: 2013 | Q69: 1769 | T69: 55.287115 | U69: 728.43125 | V69: 2903 | W69: 6000 | Z69: 3700 | AA69: 3700 | AB69: 3700 | AC69: 4700 | AD69: 4700 | AE69: 4700 | AF69: 6000 | AG69: 6000 | AH69: 6000 | AI69: 7500 | AJ69: 7500 | AK69: 7500
B70: 38 | C70: 615 | D70: Horsens | E70: Region Midtjylland | H70: 3079 | N70: 1645 | Q70: 1710 | T70: 55.287115 | U70: 728.43125 | V70: 2685 | W70: 5699 | Z70: 3700 | AA70: 3700 | AB70: 3700 | AC70: 4700 | AD70: 4700 | AE70: 4700 | AF70: 6000 | AG70: 6000 | AH70: 6000 | AI70: 7500 | AJ70: 7500 | AK70: 7500
B71: 47 | C71: 621 | D71: Kolding | E71: Region Syddanmark | H71: 3399 | N71: 1812 | Q71: 1537 | T71: 55.287115 | U71: 728.43125 | V71: 2988 | W71: 5540 | Z71: 3700 | AA71: 3700 | AB71: 3700 | AC71: 4700 | AD71: 4700 | AE71: 4700 | AF71: 6000 | AG71: 6000 | AH71: 6000 | AI71: 7500 | AJ71: 7500 | AK71: 7500
... B82: 74 | C82: 740 | D82: Silkeborg | E82: Region Midtjylland | H82: 3007 | N82: 1659 | Q82: 1728 | T82: 55.287115 | U82: 728.43125 | V82: 2808 | W82: 5131 | Z82: 3700 | AA82: 3700 | AB82: 3700 | AC82: 4700 | AD82: 4700 | AE82: 4700 | AF82: 6000 | AG82: 6000 | AH82: 6000 | AI82: 7500 | AJ82: 7500 | AK82: 7500
B83: 73 | C83: 741 | D83: Samsø | E83: Region Midtjylland | N83: 1911 | Q83: 1467 | T83: 55.287115 | U83: 728.43125 | V83: 2593 | W83: 5248 | Z83: 3700 | AA83: 3700 | AB83: 3700 | AC83: 4700 | AD83: 4700 | AE83: 4700 | AF83: 6000 | AG83: 6000 | AH83: 6000 | AI83: 7500 | AJ83: 7500 | AK83: 7500
B84: 75 | C84: 746 | D84: Skanderborg | E84: Region Midtjylland | H84: 3002 | N84: 1643 | Q84: 1666 | T84: 55.287115 | U84: 728.43125 | V84: 2736 | W84: 5388 | Z84: 3700 | AA84: 3700 | AB84: 3700 | AC84: 4700 | AD84: 4700 | AE84: 4700 | AF84: 6000 | AG84: 6000 | AH84: 6000 | AI84: 7500 | AJ84: 7500 | AK84: 7500
B85: 98 | C85: 751 | D85: Aarhus | E85: Region Midtjylland | H85: 3401 | N85: 1738 | Q85: 1674 | T85: 55.287115 | U85: 728.43125 | V85: 2971 | W85: 5846 | Z85: 3700 | AA85: 3700 | AB85: 3700 | AC85: 4700 | AD85: 4700 | AE85: 4700 | AF85: 6000 | AG85: 6000 | AH85: 6000 | AI85: 7500 | AJ85: 7500 | AK85: 7500
B86: 42 | C86: 756 | D86: Ikast-Brande | E86: Region Midtjylland | H86: 2936 | N86: 1798 | Q86: 1370 | T86: 55.287115 | U86: 728.43125 | V86: 2846 | W86: 6085 | Z86: 3700 | AA86: 3700 | AB86: 3700 | AC86: 4700 | AD86: 4700 | AE86: 4700 | AF86: 6000 | AG86: 6000 | AH86: 6000 | AI86: 7500 | AJ86: 7500 | AK86: 7500
B87: 68 | C87: 760 | D87: Ringkøbing-Skjern | E87: Region Midtjylland | H87: 2744 | N87: 1687 | Q87: 1388 | T87: 55.287115 | U87: 728.43125 | V87: 2329 | W87: 5020 | Z87: 3700 | AA87: 3700 | AB87: 3700 | AC87: 4700 | AD87: 4700 | AE87: 4700 | AF87: 6000 | AG87: 6000 | AH87: 6000 | AI87: 7500 | AJ87: 7500 | AK87: 7500
B88: 30 | C88: 766 | D88: Hedensted | E88: Region Midtjylland | H88: 3240 | N88: 2184 | Q88: 1789 | T88: 55.287115 | U88: 728.43125 | V88: 3173 | W88: 5113 | Z88: 3700 | AA88: 3700 | AB88: 3700 | AC88: 4700 | AD88: 4700 | AE88: 4700 | AF88: 6000 | AG88: 6000 | AH88: 6000 | AI88: 7500 | AJ88: 7500 | AK88: 7500
B89: 58 | C89: 773 | D89: Morsø | E89: Region Nordjylland | H89: 2640 | N89: 1742 | Q89: 1215 | T89: 55.287115 | U89: 728.43125 | V89: 2589 | W89: 5346 | Z89: 3700 | AA89: 3700 | AB89: 3700 | AC89: 4700 | AD89: 4700 | AE89: 4700 | AF89: 6000 | AG89: 6000 | AH89: 6000 | AI89: 7500 | AJ89: 7500 | AK89: 7500
B90: 76 | C90: 779 | D90: Skive | E90: Region Midtjylland | H90: 3365 | N90: 1816 | Q90: 1673 | T90: 55.287115 | U90: 728.43125 | V90: 2588 | W90: 5493 | Z90: 3700 | AA90: 3700 | AB90: 3700 | AC90: 4700 | AD90: 4700 | AE90: 4700 | AF90: 6000 | AG90: 6000 | AH90: 6000 | AI90: 7500 | AJ90: 7500 | AK90: 7500
B91: 85 | C91: 787 | D91: Thisted | E91: Region Nordjylland | H91: 3494 | N91: 1747 | Q91: 1490 | T91: 55.287115 | U91: 728.43125 | V91: 2328 | W91: 5293 | Z91: 3700 | AA91: 3700 | AB91: 3700 | AC91: 4700 | AD91: 4700 | AE91: 4700 | AF91: 6000 | AG91: 6000 | AH91: 6000 | AI91: 7500 | AJ91: 7500 | AK91: 7500
B92: 93 | C92: 791 | D92: Viborg | E92: Region Midtjylland | H92: 3130 | N92: 1700 | Q92: 1651 | T92: 55.287115 | U92: 728.43125 | V92: 3144 | W92: 4894 | Z92: 3700 | AA92: 3700 | AB92: 3700 | AC92: 4700 | AD92: 4700 | AE92: 4700 | AF92: 6000 | AG92: 6000 | AH92: 6000 | AI92: 7500 | AJ92: 7500 | AK92: 7500
B93: 8 | C93: 810 | D93: Brønderslev | E93: Region Nordjylland | H93: 3024 | N93: 1528 | Q93: 1808 | T93: 55.287115 | U93: 728.43125 | V93: 2263 | W93: 5271 | Z93: 3700 | AA93: 3700 | AB93: 3700 | AC93: 4700 | AD93: 4700 | AE93: 4700 | AF93: 6000 | AG93: 6000 | AH93: 6000 | AI93: 7500 | AJ93: 7500 | AK93: 7500
B94: 18 | C94: 813 | D94: Frederikshavn | E94: Region Nordjylland | H94: 2671 | N94: 1576 | Q94: 1797 | T94: 55.287115 | U94: 728.43125 | V94: 2519 | W94: 5494 | Z94: 3700 | AA94: 3700 | AB94: 3700 | AC94: 4700 | AD94: 4700 | AE94: 4700 | AF94: 6000 | AG94: 6000 | AH94: 6000 | AI94: 7500 | AJ94: 7500 | AK94: 7500
B95: 92 | C95: 820 | D95: Vesthimmerland | E95: Region Nordjylland | H95: 3040 | N95: 1946 | Q95: 1222 | T95: 55.287115 | U95: 728.43125 | V95: 2355 | W95: 5272 | Z95: 3700 | AA95: 3700 | AB95: 3700 | AC95: 4700 | AD95: 4700 | AE95: 4700 | AF95: 6000 | AG95: 6000 | AH95: 6000 | AI95: 7500 | AJ95: 7500 | AK95: 7500
... B101: 35 | C101: 860 | D101: Hjørring | E101: Region Nordjylland | H101: 2691 | N101: 1675 | Q101: 1329 | T101: 55.287115 | U101: 728.43125 | V101: 2615 | W101: 5108 | Z101: 3700 | AA101: 3700 | AB101: 3700 | AC101: 4700 | AD101: 4700 | AE101: 4700 | AF101: 6000 | AG101: 6000 | AH101: 6000 | AI101: 7500 | AJ101: 7500 | AK101: 7500
T103: 55.287115

Sheet (NIRAS)-Energi-CO2-tal
A1: Olie
A3: Olie udvinding | C3: 56.185588 | D3: g/kr
A5: Afbrænding, olie | C5: 2670 | D5: g/l | E5: udfra en udledning på 276 g/kwh (Emissionsfaktoren er beregnet på baggrund af DMU’s emissionsfaktorer for gasolie: Energinet DK (2011): Metoder og datagrundlag til Miljørapport 2011) og et energiindhold på 10 Kwh pr. liter
A6: Oliepris | C6: 10.75 | D6: kr/l
C7: =C5/C6 -> 248.37209 | D7: g/kr
A9: Samlet udledning | C9: =C3+C7 -> 304.55768 | D9: g/kr
A12: Naturgas
A14: Gas udvinding | C14: 29.168013 | D14: g/kr
A16: Afbrænding, gas | C16: =205*11.1 -> 2275.5 | D16: g/nm3 | E16: udfra en udledning på 205 g/kwh (Emissionsfaktoren er beregnet på baggrund af DMU’s emissionsfaktorer for gasolie: Energinet DK (2011): Metoder og datagrundlag til Miljørapport 2011) og et energiindhold på 11,10 Kwh pr. nm3
A17: gaspris | C17: 9.433 | D17: kr/nm3
C18: =C16/C17 -> 241.22761 | D18: g/kr
A20: Samlet udledning | C20: =C14+C18 -> 270.39562 | D20: g/kr
A23: Fjernvarme
A25: Afledte (scope 3) | C25: 62.3956 | E25: Klimakompasset - fra PE International
A27: Fjernvarmeproduktion | C27: 158.1936 | D27: g/kwh | E27: Klimakompasset - fra Energinet DK's tal 2010 (12 % metoden, gælder for samproduceret kraftvarme
A29: Fjernvarmepris | C29: 0.81 | D29: kr/kwh
A31: Samlet udledning | C31: =(C27+C25)/C29 -> 272.33235 | D31: g/kr
A33: El
A35: Afledte (scope 3) | C35: 87.2149 | E35: Klimakompasset - fra PE International
A37: Elproduktion | C37: 421.005 | D37: g/kwh | E37: Klimakompasset - fra Energinet DK's tal 2010
A39: Elpris | C39: 1.96 | D39: kr/kwh
A41: Samlet udledning | C41: =(C35+C37)/C39 -> 259.29587 | D41: g/kr
A44: Træpiller | C44: 80.114339 | D44: g/kr | E44: (IO forest products)
A46: Samlet udledning | C46: =C44 -> 80.114339 | D46: g/kr
