Workbook

Sheet Pricing
A2: Package | D2: Yearly saving | E2: Server price | F2: Valuta
A3: Microservice | B3: 1 | D3: 0.15 | E3: 10 | F3: USD
A4: Calls | B4: 1000000
A7: Prices
A8: Microservice | B8: =Webservices!I10 -> 2.8
A9: Calls | B9: ='Webservice calls'!H10 -> 97.86
B12: Monthly | C12: Yearly
A13: Cloud price | B13: =ROUND(SUM(B8:B9),0) -> 101 | C13: =ROUND(B13*(100%-$D$3)*12,0) -> 1030
A14: Server price | B14: =ROUND(B13*E3,0) -> 1010 | C14: =ROUND(B14*(100%-$D$3)*12,0) -> 10302

Sheet Webservices
A1: Tier max (units) Price/unit (DKK) Step discount Cumul. discount | H1: Units in tier Cost (selected currency)
A2: 1 | B2: 20 | C2: 0 | D2: 0 | H2: =IF(Pricing!$B$3-SUM($A$2:A2)>=0,A2,0) -> 1 | I2: =B2*H2*HLOOKUP(Pricing!$F$3,Valuta!$1:$2, 2, FALSE) -> 2.8
A3: 5 | B3: 19 | C3: =100%-B3/B2 -> 0.05 | D3: =100%-B3/$B$2 -> 0.05 | H3: =IF(Pricing!$B$3-SUM($A$2:A3)>=0,A3,IF(Pricing!$B$3-SUM($A$2:A2)>=0,Pricing!$B$3-SUM($A$2:A2),0)) -> 0 | I3: =B3*H3*HLOOKUP(Pricing!$F$3,Valuta!$1:$2, 2, FALSE) -> 0
A4: 25 | B4: 18 | C4: =100%-B4/B3 -> 0.052631579 | D4: =100%-B4/$B$2 -> 0.1 | H4: =IF(Pricing!$B$3-SUM($A$2:A4)>=0,A4,IF(Pricing!$B$3-SUM($A$2:A3)>=0,Pricing!$B$3-SUM($A$2:A3),0)) -> 0 | I4: =B4*H4*HLOOKUP(Pricing!$F$3,Valuta!$1:$2, 2, FALSE) -> 0
A5: 50 | B5: 17 | C5: =100%-B5/B4 -> 0.055555556 | D5: =100%-B5/$B$2 -> 0.15 | H5: =IF(Pricing!$B$3-SUM($A$2:A5)>=0,A5,IF(Pricing!$B$3-SUM($A$2:A4)>=0,Pricing!$B$3-SUM($A$2:A4),0)) -> 0 | I5: =B5*H5*HLOOKUP(Pricing!$F$3,Valuta!$1:$2, 2, FALSE) -> 0
A6: 100 | B6: 16 | C6: =100%-B6/B5 -> 0.058823529 | D6: =100%-B6/$B$2 -> 0.2 | H6: =IF(Pricing!$B$3-SUM($A$2:A6)>=0,A6,IF(Pricing!$B$3-SUM($A$2:A5)>=0,Pricing!$B$3-SUM($A$2:A5),0)) -> 0 | I6: =B6*H6*HLOOKUP(Pricing!$F$3,Valuta!$1:$2, 2, FALSE) -> 0
A7: 500 | B7: 15 | C7: =100%-B7/B6 -> 0.0625 | D7: =100%-B7/$B$2 -> 0.25 | H7: =IF(Pricing!$B$3-SUM($A$2:A7)>=0,A7,IF(Pricing!$B$3-SUM($A$2:A6)>=0,Pricing!$B$3-SUM($A$2:A6),0)) -> 0 | I7: =B7*H7*HLOOKUP(Pricing!$F$3,Valuta!$1:$2, 2, FALSE) -> 0
A8: 1000000000 | B8: 14 | C8: =100%-B8/B7 -> 0.066666667 | D8: =100%-B8/$B$2 -> 0.3 | H8: =IF(Pricing!$B$3-SUM($A$2:A8)>=0,A8,IF(Pricing!$B$3-SUM($A$2:A7)>=0,Pricing!$B$3-SUM($A$2:A7),0)) -> 0 | I8: =B8*H8*HLOOKUP(Pricing!$F$3,Valuta!$1:$2, 2, FALSE) -> 0
H10: =SUM(H2:H8) -> 1 | I10: =SUM(I2:I8) -> 2.8

Sheet Webservice calls
A1: Tier max (calls) Price/call (DKK) Step discount Cumul. discount | F1: Max cost if tier full (DKK) | H1: Cost (selected currency) Calls × rate (intermediate)
A2: 10000 | B2: 0.002 | C2: 0 | D2: 0 | F2: =A2*B2 -> 20 | H2: =B2*I2 -> 2.8 | I2: =IF(Pricing!$B$4-SUM($A$2:A2)>=0,A2,0)*HLOOKUP(Pricing!$F$3,Valuta!$1:$2, 2, FALSE) -> 1400
A3: 50000 | B3: 0.0015 | C3: =100%-B3/B2 -> 0.25 | D3: =100%-B3/$B$2 -> 0.25 | F3: =A3*B3 -> 75 | H3: =B3*I3 -> 10.5 | I3: =IF(Pricing!$B$4-SUM($A$2:A3)>=0,A3,IF(Pricing!$B$4-SUM($A$2:A2)>=0,Pricing!$B$4-SUM($A$2:A2),0))*HLOOKUP(Pricing!$F$3,Valuta!$1:$2, 2, FALSE) -> 7000
A4: 100000 | B4: 0.001 | C4: =100%-B4/B3 -> 0.33333333 | D4: =100%-B4/$B$2 -> 0.5 | F4: =A4*B4 -> 100 | H4: =B4*I4 -> 14 | I4: =IF(Pricing!$B$4-SUM($A$2:A4)>=0,A4,IF(Pricing!$B$4-SUM($A$2:A3)>=0,Pricing!$B$4-SUM($A$2:A3),0))*HLOOKUP(Pricing!$F$3,Valuta!$1:$2, 2, FALSE) -> 14000
A5: 1000000 | B5: 0.0006 | C5: =100%-B5/B4 -> 0.4 | D5: =100%-B5/$B$2 -> 0.7 | F5: =A5*B5 -> 600 | H5: =B5*I5 -> 70.56 | I5: =IF(Pricing!$B$4-SUM($A$2:A5)>=0,A5,IF(Pricing!$B$4-SUM($A$2:A4)>=0,Pricing!$B$4-SUM($A$2:A4),0))*HLOOKUP(Pricing!$F$3,Valuta!$1:$2, 2, FALSE) -> 117600
A6: 5000000 | B6: 0.0004 | C6: =100%-B6/B5 -> 0.33333333 | D6: =100%-B6/$B$2 -> 0.8 | F6: =A6*B6 -> 2000 | H6: =B6*I6 -> 0 | I6: =IF(Pricing!$B$4-SUM($A$2:A6)>=0,A6,IF(Pricing!$B$4-SUM($A$2:A5)>=0,Pricing!$B$4-SUM($A$2:A5),0))*HLOOKUP(Pricing!$F$3,Valuta!$1:$2, 2, FALSE) -> 0
A7: 1000000000 | B7: 0.0003 | C7: =100%-B7/B6 -> 0.25 | D7: =100%-B7/$B$2 -> 0.85 | F7: =A7*B7 -> 300000 | H7: =B7*I7 -> 0 | I7: =IF(Pricing!$B$4-SUM($A$2:A7)>=0,A7,IF(Pricing!$B$4-SUM($A$2:A6)>=0,Pricing!$B$4-SUM($A$2:A6),0))*HLOOKUP(Pricing!$F$3,Valuta!$1:$2, 2, FALSE) -> 0
F8: =A8*B8 -> 0 | H8: =B8*I8 -> 0 | I8: =IF(Pricing!$B$4-SUM($A$2:A8)>=0,A8,IF(Pricing!$B$4-SUM($A$2:A7)>=0,Pricing!$B$4-SUM($A$2:A7),0))*HLOOKUP(Pricing!$F$3,Valuta!$1:$2, 2, FALSE) -> 0
H10: =SUM(H2:H8) -> 97.86 | I10: =SUM(I2:I8) -> 140000
B14: Price for 10.000
B15: =$A$2*B2 -> 20
B16: =$A$2*B3 -> 15
B17: =$A$2*B4 -> 10
B18: =$A$2*B5 -> 6
B19: =$A$2*B6 -> 4
B20: =$A$2*B7 -> 3

Sheet Valuta
A1: DKK | B1: Euro | C1: USD
A2: 1 | B2: 0.13 | C2: 0.14
A3: Last updated: | B3: 46113 | C3: 46113
